address,balance
0x000d774F5fE948c3294F3c09C08E2C0D603374C8,13849027166930314000000
0x002D931eC1090474018b8711d904b2fFCF408DDf,176777177444668770000
0x00763A4781dcA60F6C1C123A92b5C914fe03bB31,196241737656375540000
0x00aB97c782c661fb3D08C96dce06176938101211,41466232764674990000
0x00ea67d1E6caB97994e75C800bC65bF632598802,7077058814561681000000
0x01247FDF97eF4ce628d1e639b83a79A78dc1bB8e,70815869653179580000
0x015Cdff2E472F657E8c34B4e88fc60f16f7610ad,143960464654906790000
0x01650a012B91e32A077135Bf7C9881C44b9775a5,891070593461421500000
0x01EA8648218356D344Ac1e0160Cf5c51B9173FCE,613732036989883800000
0x02706C602c59F86Cc2EbD9aE662a25987A7C7986,3025689102548650500
0x029F5cB93F391dd140b03aF7B8D492a17A6A073A,19380327390841947000000
0x02E7b714fae84e4BA80f3CDa5508553e7CF5042A,106893039774696600000
0x02Fbd037A4db4a49F8AfB0FF092bD3AD27844307,34514789225977692000
0x02c713A91fDB54ce03f85ff19635FcCB59E50b3e,1069466040498588400000
0x0307466115Bc91e1D18Eb43926b5a5dD55910182,6577172972524345000000
0x034DfC5dCAa498d6FC10650F9F37a83a663C1e29,135373082397441840000
0x038F73d640CdC3DDb1c3B03EE90e65056A7D3619,520803308488026360000
0x03A59436DA776870Cd1fd5cD9C398357654e2b6c,611069377500763500000
0x040cA8dA9f17f74DA3FeA1dE34fa3CCa19E639c8,233752901097684600000
0x0422211c02fef3F623B1dA67A116482B029D8BCa,63431772701100840000
0x046fD98Cfd2A3a51875f5a0b6fEea5ABAc442913,3263071253541368600000
0x04c24Fb851c31DB6cC9c69ce626A38Ca26a61919,279388471658824860000
0x04eEaadf602411105414727596E956F85216C0C9,115207254150061540000
0x04fED7b777ae21b159039Dc935E14D6986405a64,71191958446597825000
0x0507B3ffe3836aD0f256f3D53b8fa7653e54E2EB,397787139226574200000
0x052d0e1303e118c846beceDD3d3cbB10999E8FCA,5000000000000000000000
0x058cFe683a1688E283bC88c6065c583F78cD90Fb,5219914080532137000000
0x0590E9d763bd6A73826b21dC520ae39C35a78728,286833774049675180000
0x05c63c42637060B3D4F8877f357fC7Fe1E387600,303004053825709200000
0x0630717c9c6baEAbd2b0852e09dF08FEbAcCd227,4882852331854663000
0x064cB0bB4c8ABE11935134aEE670C032D6833556,11403039469287145000000
0x0661e91fD322ACB242e0c59FBAC6062714dBa280,2549405025521141500000
0x068E19d29a8C8BF57F30Da429bC64f6a50286b82,457713260760752300000
0x06917EFCE692CAD37A77a50B9BEEF6f4Cdd36422,54799999999999995805696
0x06F9e5F8F5c170B9EEce58676D932BcC398F52e5,1810115933976492200000
0x0752C21499eF2d003B7BebE9C1eC737EC3e6Eae9,450562373127513300000
0x0761F062E03fEd187060E9c6150c21bA9A64307d,294204643336571200000
0x07Da272ad46DB8F83af8574dDc7b48944b24f035,3250625478466751400000
0x081Ff30EcbB8861d4b1F5cBeE862113b0E3Bf17d,524567191705994850000
0x0849101093FcD6220f0554f055E6B9E9aFf489Fb,83397482577282730000
0x08539431F4d59a02D0347588F6fBdb7d69aAd2c3,14534474197873914000
0x08C53a22096cA6AFA745C6f94690495f9ba35f76,193955616952450300000
0x092cC0BF1b4b0947962d6aC96d0Bb8bC21533406,21781427748251028000000
0x094855473A1dE933ceEF87A7Ba5b865d148a9798,93085537584001430000
0x09C16768d1a88eB1dD91AAbAbDFFA0DDF2f940C4,113706026765030470000
0x09Fa38EBa245bb68354B8950FA2fe71f02863393,7955795379125836000
0x0A7418ed592907CfdFc454Ce197b668749a9994B,602683858089898100000
0x0A83985E4A6E8Dae2B67beD4f2d9268f6806Ce00,792310941146389200
0x0AC9eCd9AF985fe45c85a2713413C0D92F51b5CA,213291467400000000000
0x0B68a4B610B8F8e41B319aa5F2a678B42421993c,501954342786784600000
0x0C578fc9b1E846849055f07d63e7AEE0ba56A75F,13054711155303656000000
0x0C7a24097cE0c51109D4D40BBb8D99b91F735e4B,1874666873697416500000
0x0CA78eD9F48dFC2dBBFF9E1D55227e52359776f0,27187298552254470000000
0x0CE9111D4454E3CFD2BeF6FE46cd2C750C41cbA0,155966642821716740000
0x0D884e8538c6cCf5791806A4D744B281461163D6,313714019266562500000
0x0E1C7FbC490b5731b95c6947ECf5296978896f96,433082296523055370000
0x0E1c26B052d182a9f51790C83B154235818C44E6,54118176602450256000
0x0F0fa4EdEC62Dc8B86889615D2Eb97010c0e879c,2523815261144913300000
0x0F4B0aE3b27F404D6AEDc3dd08320179070A38fd,9684377428600323000000
0x0F715b8Cf8D0ee24414F47a3D174047B5613E867,302057574527055560000
0x0FeB0f31D67ADBBc950Ac0c5266490A9a9735a49,215832504374643750000
0x0FeaA9d8eBA3f9D220207ED4830a02D58EEC928E,16865620688303617000000
0x0a7905753607a6E112127Ab2D92e1c6021AD9cA5,9806822753011962000000
0x0a835b0E8a9356926a30b905580473624A8A443F,859290396755468400000
0x0b3bbcfFe4bFE08cc923E1DA8131Abb2De10e0EE,1749718446148044700000
0x0b441F4C9798DC7DCF4a5F5Ab4EA53F71AB39A7e,185743716882034600000
0x0b5c60460E7D673a99cdD89940FB49268275587a,1397575161151382400000
0x0b7cA1d5fb2De11E2863A7dCCfe0d3415Fc156FD,95848034234819900000
0x0cF598C6C6F7dD5f9646D9489e5BF857D2A5784d,308574921123114700000
0x0cFB145978bBa35d80f5D0641a5165755ebe8b40,1114046961389611800000
0x0d5EF14C643aC844fd2e09d705A7dcE3F716749a,565821886892369900000
0x0d7Fce3461404033bd8455Ea445d0C2F9DD138d7,2163888137886659000000
0x0db19222F6f894bE3FDDa1Dc89fB4Bd97bECFcF5,340572477742459060000
0x0e1fB294F72D15309aF6B7bE725ca7EC0f901F32,16149069592269830000000
0x0e42d7887e4Dfd681Fe295BeC85729C0420E0ae0,742377019829708500000
0x0e9EDBc731E1059f24598B6e55FBcF559c01236e,11484908270118328000000
0x0eD3398aA90118344229E8AE935EA7fB22A946E1,755783053812403800000
0x0f504b06Bf14f9584bAF9DCBb3CAca645b136bA5,150286340203573050000
0x0f526e6F7ECcB98B4D00A0d26427fB041C147E42,123128029332578750000
0x0fDDf5E14CC54298bc4c8aEcfc4273914727e21A,458791464512930000000
0x100420E7B70f51Afa95140275c0DDc956Ebee56A,327463688808322300000
0x101D88a0F5fFEe6879070a11eB20a2FfA3E1074e,192697930486769420000
0x1020b6BF23455e7A3805eaf6839b4A3914ee7bF2,1758141776869035900000
0x102CdCcD3C2b2C3B38Df969F6fAbD02a0827765c,592077373428964400000
0x106cF9800E1A7a1eEc7f4c10BDe50A360D2c6283,2030948726273610400000
0x10D094BbFF45b68f0b5261dC84cC724908bDea33,49549717390000000000
0x111111110B71E5cfF19eDA17339FF816CeD19cBA,1143253585671677800000
0x114fEB043391dEb4A339714a13127fFe85F0B3fD,184723572646552370000
0x11dA26F91B37da086b214901e499C9555CadEd29,9191214906932375000000
0x122eDEFC9a3a02F4f7C4Caf41aD29D9C900d0528,3444448026361778000000
0x1303BafA89d801703B3F5A19413F1b783903fFe6,1236931391968668500000
0x131Fa908827D6A1B39dAb478c612C45A0b776883,816376846266019600000
0x131fBae075CA53Bd5a60075D08314E684CcA2543,43400366780454120000000
0x138F616A794e4cD6b5291bc739a6d2E6B1ffF7F3,2465852896816161300
0x13D75321294C41bD55fCA695c2a0d966ae5a3572,17914040045057935000
0x14050ecD612907b38372396Fd7d368137906Dec4,9377246149659994000000
0x14093812c76327fE06A47D77C872EBa0dCe63C8D,1599650052782765000000
0x145a79728d0a635696Aa9eBE0f2AFB9834b681c3,14245578306118885000
0x1487e1109087084F50E35d08307E50a77A4d626D,1587183059817746000
0x1495eB79a9874A569C938d73c1189db43557F331,20972792403450835000000
0x14A6d5bB336657A39A70B826B83b136626D0BedF,879082080800000000000
0x14f3310f600f7A719bA365f15d330FF7502F792C,1141344624695332000000
0x1530F2940Bd7E9d9E8a8c5EaA37409Bd22dbFB3F,351135779711531300000
0x1563C4751Ad2be48Fd17464B73585B6ba8b6A5f0,902519399699008300000
0x158C5710Dfb57406fAE0938c6de5cd0E4Eb25ef9,57057311790572440000
0x15e1D980041FB6A4a5449baba4DF14A108b4C1F2,58429236791286910000
0x162e80A078594F42f9d1Ae79183ead2dbC6175f8,217790000000000000000
0x1645d63DD15E4a6e8B4885f99bD9474F227df893,445809752940863300000
0x1654515C7ccd0a148e8c3724a161B93D656C4684,38594022211025150000000
0x16c23cbA6B7f8139f9EDcF7Ec162718416177d80,179043689973042480000
0x16c6d816487ebC6cE9EeD2379bAECbdC129Eb505,413059000000000000000
0x16d0ab4C477a06F646A7125f8Ea92c476a660D95,198076757224688060000
0x16d1663A00d4d1a216E0baa84B0AbC69ba35C156,1524381096087379000000
0x17116C1996Bc9c8440BbfFD7C197f18040F6eC91,226131013402088470000
0x1726011083a4a23d54754fb61DF4625799E6D7E4,132240320790348200000
0x17561E4A5E16E619e049E3A61A64F2A2564859f8,776376433701832200000
0x176Ab9B99b21E032Bd9A9C261A6BF5dcC46fddd9,4925577914425501000000
0x17D3b8142b698bE076eA89339a29FBd36359a734,206873025923144840000
0x187900dFa38f3A9C6A22A8dBE4d5B29006A3D457,110792386329845970000
0x187fAD03e2483440a0AbFED5d18d5e96f36D76cc,7862504530889601000000
0x18fAaAfE7b8F8315F68DF6A14115223878a03e02,1323251275452397400000
0x190ac830b737AcfbfA819F1D3aB0a6D702D72147,28018672835402876000000
0x19145B49fd5e4c345822a4a83Fe5543C5BBB785c,706990106681463600000000
0x1919a6Da1A341378B1E198DB255464217D1E8ec6,2090489001452460800000
0x193Ec8449E83EaaF3b8c8235821b6846d5Aa8b23,144699618013305300000
0x19FbADc816831c78b985b8E79eA4931fA3133461,2697947624435320600000
0x1A5A04171dC7143aFe49870fCDa9c875E5F86F38,16011805267970273000
0x1A66536999b66f6aE13508fC198a06615A11CD77,573907506052223400000
0x1A72992E9058DC444f0df356eB007F6aEbC6d867,225506534678123900000
0x1A9289Aabb923C82634ce206984D7741aD2742cC,724784175820677600000
0x1AB18167ECAEb74959E565A52eDEAE55BCd879c0,2685107730334272700000
0x1Ab489D7457b02bF1d79c0938ffC8EC7Ff0491dd,94990528590444410000
0x1Ab9711F658475D19c035df30A447F2322CBE136,403837366038049300000
0x1C21100Cd4a07DbaC93f4364BD23c205655835C6,2305997325571633200000
0x1CC0a85e48dac67Dd1f53623a5a2F49a84CDA604,13830000000000000000
0x1D9423311dF1543F09f0113496e3464BFE79853A,2803063443968468500000
0x1D9c68cfA5fDFb6C585bF01f715d359f3039b63A,5266307510688212000000
0x1E0a310cefB31aDF7de0AE624e6217DB3F6e7138,1759542816092273200000
0x1E36dfDa2d2F73728A7fB5757817dE6D35848749,18297053457296720000
0x1EBe7F849436EF8ca3a772d65F32001bc406B2FC,527935558851075400000
0x1ECdd6dE99277d4228A9De50Ea73ba7e10D662e6,83501040930629730000
0x1EFfb1361921130B9d5259DA5faBC91C3eFb6234,3479787845339880000000
0x1Eb80EED4d806dE1dde0A7C15EEA100E2f852700,240015267262398700000
0x1F44df82a2b270D7653f2ff238eE242A9aDD32df,3785596286991022000000
0x1F9f9e9dedeA7E6B09d32a1d922A0C90422c6DE5,3037928427230880300
0x1FB3c700E94e679891d1530b22Ae74Bc3d3886c9,2719581750391596000000
0x1Fba14edAe53DEaB89770c8C9a8BAe8309B407BB,102843937039464150000
0x1a4cFd1F218A2573B734Ab2309eDf36c0Ef6f665,1118363800000000000000
0x1a93c570251ec9cE34216AF5EEe618097026bd06,1777118031251395800000
0x1aB320F72931bC3D3caeFA183aCB4b352621B80c,469972972792404400000
0x1ae60DF8b3573A5b54e6560df64bb7762b0404d0,3277147765520990700000
0x1bab3D92B1f9eD2D8B5fb4a447d984177c0A4E81,80552146194874880000
0x1c04034aFf87158fe6D7dDaEa8C578a9d427dB82,499013703109189000000
0x1c7cFe3904178C91E4755F118DB3e4F81eDf9281,642883116342897000000
0x1d0A5D06aeC9C52539F0076b0971C702a3913936,883364684571889700
0x1dA29Ca4E330F0Faa816edB6B55B46f9eE453F7f,3224569966090168000000
0x1e81A5A9715B139BB63ec3a176a6bAa82A220692,74633944859873790000
0x1f5c98965ab469f6197DE432A7f86A0d75d7C0A4,263467362754788800000000
0x1fD487Ecf814F4B4179E880F13C43F73d4668c4C,79007348843243
0x1fe40825c280cF682C303066611Caaf7AE85eA49,77764588917800220000
0x20197bEf251bE2A7932DCd7Cb2B341c8e31E095E,1613600000000000000
0x2067d095f4cACB434E921a2CF5b89A09DBF518a4,2914841819064242000000
0x208A70c70ad1727644aEe4a0f889ffB48c070EA1,762157417196968300000
0x20CFb399cb523f20e160A03E49F8e9Adf453DeF0,5133186692504618000
0x20e14b46d5a6bC9Fa3414a3C3De0628081b433Fa,615995634389476000000
0x2120b403B391F47F981dcDDE342Fd4541541419c,478511816554466300000
0x21240b84e8457deC1Ac30D3f28Ef42C3eFeE636c,276197913371269170000
0x21A0e41ddbFEBE81a474BC28f924c93DC7f68e99,543021419601805050000
0x22138A0CFf84952C018cbcBF5650149017d6b292,1309398441054807500000
0x22797Ec89cf1D2E83ABCEA06179E6b7b60fF0626,79357483839369840000
0x22a8F7a9209b25653545b01BA483e092380a0C36,154597191434330830000
0x23aE07851bd347cC1B4550253940A2774d1E76Cc,315110423534170700000
0x23c9Db00cd2c000679AA98113D3223C5a467dD1F,1715292514974673700000
0x23e1437b330FDF50755D3A1FE370499f2E754aAf,180877274137397330000
0x2439Cc292333e197A181d3BFAE669bb605d8A21a,21006508547521240000000
0x24555B39D91e53C4c7811219EcE75B15fD9eAbc3,1681597013396142000000
0x245A4887C7CA101419D629E447f2dE60d8861de4,1123635789178703800000
0x2462e450384aB3F89104229AAbEc4c5F7357eFa2,1695052252493710600000
0x24948d56e9d6Bc159E95eC0E389E367f25e48BB5,1767413701422813000000
0x24B94c794a47A5DDddACD8d4408D4D22361f62a8,3140678714543472000000
0x24e9A18A75fAceedd14aEeE845C0b8c66f112F91,544386775257365500000
0x250244161b98bB884C755D1dE79ebbDeBC218a1a,1503248049314652000000
0x25315430a21392bF137EcD1e843a8F3c62266b81,167611130386173560000
0x25401202F66874C07954dEC0b197e790a9f56507,372073857897948000000
0x25DA992fd0f68296a2659B69f1642F0d55360993,3286212772037081600
0x25bd0fC0e4597B4C9535d94876A8ca1F531Fa92e,165109362436213280000
0x26455E9Ead4192942EB84c907F72A634Cfae92Ca,394593784914729200000
0x2655529c4f97612edB4732914296c99250Ae92eA,596771491921101600000
0x266178a48c50f104b53eD78ca8e3582dfcFbb286,1766608891626763500
0x26b41b27EF4A310466407454396F045e44d9879A,103786011372612900000
0x2728e32174FC95De00695007c9134fA03dC8b434,6694626635419449000000
0x274fF641C0A8E5a935B1BeA52D6e3215063286d5,172405273599300200000000
0x275Fb860FE85EA360df170b204AC39b993734C68,80001451153659700000
0x277369B0e3622Bc69b9cC6a0Cfa8c94c5487c6e3,1582629683443192600000
0x27dd632F2A8e54F939788de6166a724c9189077A,75619399811723260000
0x2847756be7B0af1Bb5269D0dDc50CFae3BBfae4f,217020386318610100000
0x2861023b81374e5fcdFa87FbBBd31cA0Eac885f1,306704715901207200000
0x28893320E3Ec737271510b92b3eFe948144A396E,1066774642200745000000
0x28C974C18C6553B445c4B77F35D83F3499ACF58f,18563900380611457000
0x28da7B8FE0397411c7F8D53fc2C0ff0Fd59cDcCC,174318282800000000000
0x28f9d9a2F2364220351703602B901422dBc99775,82739587745737820000
0x29c9FD253a3f50bfA1697b64C1C2Bb7A8b747Ce0,40673772206252550000
0x2A09861D6130F52F94B409B3183515cbde03b0db,2783970544034301000
0x2A318Be0876A44E95Fb9433359e2487914E1B42d,8944426538783638000000
0x2B7645122c1E6821F919d57038bcA4260D3ADe77,11133449525613115000000
0x2B99E160351c1Afb75d9ad28d2bA6E66e72a3F0e,6446293072603594000000
0x2BCc96F3475161E1CBAc36d901296E9D7A53F585,1533734665551104000000
0x2Ba443D81ed45D6c2646B09Fab4f70003c2dB412,154310870225024600000000
0x2C29c5c78d74EA443FBA8984baF528a5BF6f189C,749006008740788400000
0x2CDb04B9955bF7D528BDd9F5fB21905DD9b5B3E2,6336099503669916000000
0x2Cd170D34740d2356c464f6bFfec1d727A6C96E5,189730829144768500000
0x2D561790C62d3FCB4c5B666E134588dc4E4c9bfe,816605804661829200
0x2E06Bb4DDbF3F14516E6fb65e94CB84944Aae8da,1022080135917657100000
0x2E128BbAf2cf7F1523a434128D91c642C5C7efAd,2295585259401634400000
0x2E159aAd3a3D23d749A5e91F1D448e2122Fb26B5,3882346318453476400000
0x2E7f8BCfd7931C6D4eeF754452B2095D5cd255F0,171614620979267830000
0x2EA53c5CC6E2653AeD36F2f34469835725014a97,22944995725516
0x2EEAFFE1422d1B46C564b131a1f3d1a685f279d1,117392480017965300000
0x2F8a99D208b3d09d2A944e27d4451D21EAcEDc21,10806431682932817000000
0x2FD9F8864990Eb62f633De0a9b1B200F04a0393b,2136865413504145000000
0x2a2eddd1A7548f89E11FaA4f6031CD41353De9a3,133080210232823320000
0x2a34A8F3b7a7e2F8A0aC6e013b3664776EE8e0D1,821303598509444800000
0x2a43517003D740E499A3B15881202D9303e78b4F,69799761258440540000000
0x2a724bE1b63caEC1c3Ef95834fdD443c3347Ee1D,10449382106031320000
0x2b0C06BE831a935b66C95F3d99E6FDEBB2660dF3,300300017384014900000
0x2b4A694dc834b8ffBdc0bf082854De2ED662BF17,213651548568597600000
0x2b6DbeeD1922761554B9c4dBBdc0f31Ed7ae56c8,3657559424678493700000
0x2bCEEDA8a4292F4f92BabFD723Ce66C61C4B958E,47116677781588340000
0x2be6B0948aDe36a2Faf57bAf302Da534BB000CCA,4381122653384478300000
0x2c2e209465D5312e6dF0cd5F7D1066f1aff9a953,196502713427136100000
0x2c95D7D85F55Db926179a1A69EfBEbD031c1c188,471583158640824940000
0x2dCba50DF05Da34Da47d7e399cAf954F6A8026E6,855178693166624800000
0x2ddA9439DdaE44d6f1Ae85923dAb52cB23879e5B,222782363391373480000
0x2e26fF7bC1bA49C4A234858F6A75379C56a9c85B,95843707122950850000
0x2e6A27556bF03125b4DB4704fcc86247D432365B,167445511894745060000
0x2e818545B078Bcb5e08feBa5d791042bb1ee1579,267580144369586140000
0x2e9C6AEDb6129256dfc09A3403B722a548496295,525003148342090400
0x2f2E475b89629EDffC19f7D2284620E47cCFa8C2,184945725825307670000
0x30044b7C080A6e456386d5b9c370Dc7c259AE2cd,159611060224812580000
0x3014c7443CF5d6B8E97C5Ef81B43b5f41aA5CB16,272206712036644780000
0x304B3D778ADa6D14387dba400d48eC5BB9EB689b,315621132069599600000000
0x3051C9BeC67C1683CCCae3Cf32809706C8FEaa1b,3131551121800000000000
0x308092d19C2680B590E3fAc72184DbB0Da4De28C,1681559980604523500
0x30A45090EE16F4a5E5e0B7e6B8a54C3e9daa4052,6948952880987496000000
0x30E2b2D9158C3d47038650E3Aa57c29E11529246,900117996104749400000
0x30d41eA111355a3EDf8a67e6c61A2e21ccE6e085,1780083282389019400000
0x31155a472fBe0e3990c692C8a1c1c1BB6d4548D1,344270060125439100000
0x3188990251aD1c0e54a3827dd457cddE2585D822,1085712172971576300000
0x3194764706e447d753452f78Eb3a6EE7e3E49C80,5415745619831058000000
0x31E07e1C36D10Ad25D8e03E064a5BA4d03482826,15583357636407026000
0x31e40209CFcdDa86bAabfe93a428CC9143A9eD30,1202908306477054000000
0x31e55af6c55476b3Ca0A6E7689d2ee91F55840c4,821471466819551500000
0x31e64de2cFfF8F9525397803C459Fd70b7A5F9cb,250449244585316020000
0x3200287F06b77e7E60E172f0F5E009038B25d785,5477806039631604000000
0x32060732EAc815F70899AbE22583f56511cDe960,4525835910452111000000
0x32144A3F0ED8145Aa42896A811C7a7cEb1717F24,4770485295042487000000
0x3214e141bdAe08Be1f382A885cf3d2a448A5E780,731410780722866600000
0x321610a131dF5280921d1ff04DF8A13344bb53ae,289985147449094200
0x325409632bccFfAc706d378A2Eca57Cafa21ab11,620125912736270300000
0x328515d25deDb9fF9D3b228BD2c9a0eE706a2bE2,154296013259208920000
0x329b0F4597B15cd81D6F62DcF2Ad6B3fE1D74d87,10784851293772947000000
0x339d1965a49EB68E873ED90D2319E347c77fFF1F,4045569557251114500
0x33A98356AEC142FfF007953E39a4f881c5CB3559,465524684824446240000
0x33F123553F15463b1D90d1936Dea24cf167cd556,35826040817966998000
0x33b65eddB6896a236b281B8bb0A9E4028768BDb6,2782942514382809600000
0x345183a7f823BFE41bA7A52bc04265E264a6Ddd9,7833639077132471000000
0x349B6808aa506149B2E8A4dA6297D356e345f7dF,657762430489757100000
0x3568fE0151cDdBb62f308ba198Af55A51Da8aE11,3611575510979651000
0x3587B15f7865D4F3F5cA15D29d197bB2f1E6309d,5827824019408308000000
0x35D25b8Bf5f72C9e862433805385908DDeBeeBC8,467000000000000000000
0x360024351B38cE8Ff98871ec9BD8CdfD7edA7125,216834805498909130000
0x363f2780B4D2bbE81F1b4D115c6380677580FdAb,5740676033644535000000
0x364ADd09a9612f99250a1eECDDFFD973fF5c1Bd3,50443607648908870000
0x368955eFB1bF001683cb5F7AB223380CAf0b86e5,88834832398523880000
0x36eBbc8ac514cd8D2061632B89f2e445A3F55F08,21300949425385560000
0x3741d279D5E6984B4F1D23B3874295224f1041cb,17042517748612225000000
0x37633c9F778c44e852914c7056cBBBF75323Dfd6,311982345468109460000
0x377762B549E5126763cc2Ef18a20B804B921c2C8,661323891600200300000
0x37849a2a2f3777fe8528DD30c5fF931ce2Ea17A2,424617510949792500000
0x37Fe33cfb2b082Fe489C2A1e87513be567041c95,295000000000000000000
0x37e18B26D5efabecdef78bC20131Ad81B00b4b40,150000000000000000000
0x3821BEEF5d4b90412A251f0F29faD256222c03c1,45984164850000000000
0x382EcB1c217cD0e92B5C4EFd6626854e055ce50D,1424603027703019900000
0x3838c954D0629918578847378Ee22e6778473239,59332620148993800000
0x3880BE907b7Ce5278ce527C56ee10e54e66f2Ee4,5706239583453157000000
0x38907B1d721D69b9B6dED2185b47FD541F8d3434,434794282261956900000
0x391866f7a2b12e59A1CCea319d5e82920E043Cb3,614067107286438200000
0x39500416f6e1544B533d71c5c3F619De158B46e9,1976591609505027500000
0x3967D78660bCBc95c625d58A40C42Ce10bd905D6,49202978002715386000
0x39C167bc945b8f08C26E2a4A28232eD5625D9e59,7078457031514970000000
0x39a236eBD2A6DC72f91d373efC4dd90C8F4bf121,5688498860794026000
0x39bbE14F5fBb3276d06760C95a071ebaB6529192,23617701148021050000
0x39ea1A9F8caa308EBB3F9da4829f1fFf7b74B72C,128110494615368300000
0x3A22E7B47C4c4dab73C8380957092dDec861aC94,87795117512317390
0x3A40d2DF20529b190e5a3BC1a283C19B23310F15,3531856370681805500000
0x3A5569C4d5Ba36A601e1607829B4EA98b44d0d71,3299897856417595400
0x3AcE809BD675a37565C916430cd961C38A162d47,144815833806200260000
0x3Ad03f6408d8F4158F9FE26567D4E98bE0aB92c6,2728380168072100600000
0x3B0D496E1027aC27B0360480AE212240011B1805,96439087809477510000
0x3BEf924777E552e5A5a5A3f3eDEdEa737DE11597,5024364538997407000000
0x3C273c90214Beb09FEF9767b00c66f8dcA2D4B90,11318840533871055000000
0x3D6991085Ab1ae3926cB96f25684C40a364B6856,11129316270756469000
0x3D72A0EE73159F73183333942CC1E511d9b35636,17076575630040680000
0x3D97530F0B22420baAD58b22ecceeD95DE49d438,8986826751331300000000
0x3E7b8D12D4De6CB284A7d60Bf92B462D2a6d6A2F,21696037444173050000000
0x3EE968e75D8A5F386ff5E6859F95BcaE7d22c84e,46830453077108250000
0x3Ed7d9cE4833A3bfcE3eC0C0D0d2DD8992576d5b,134788513614256550000
0x3F03409918d8a54fEACf3aDc09A7AF8e62A41400,8525753044818844000000
0x3F1DC5f454b6eC58a564E4A4c9Ab2dd1f7589b7e,42131933752634360000000
0x3F9280700b9D38Ae84D4eFf141eDd9c9B4Be4Bc0,12152216532855976000000
0x3a1cD795aeaCe1dB3e1F184D37350107D02DD6BF,13735638276554365000000
0x3a335085e6D79a0A3bEE0fddBD3b932e61d0d8a0,257063255504631230000
0x3a3D59b530D90F71c1e3e936a736A9b9f2A6ce92,91696553152496960000
0x3a6F701c96c4cA7D6B1743413804A097ECb552E7,821655053168495400000
0x3b3f389d556ACF95B011A09A0C3fd970589F039e,898645358787491700000
0x3c02cC177f2f72cE21dd203E66e11e934b36A9Ae,20402959696182125000
0x3c3416d51D72772b53bE93F6Dba255f263e469F1,141535822416398340000
0x3c7Ac2fF76A1B4dCb2B69b1121fEF5fB8dCDEc43,475200907972470830000
0x3cB40181ba187cE92ff54700767FaFd9E537FCa7,15410873569141938000
0x3cB40CAeE03bB77d576C146AB965c590C2A39427,14403391616092264000000
0x3dB37898B3b68c8392EcD25be05ff8D0c4A1dD56,26294396309479375000
0x3dC818b8eC3a3955bc6B847667ad25Cc2f2dE31E,50978318178491450000
0x3db70C686D37b62AB6e3470ABb55A216B4C9be8A,28694752113557324000
0x3e051c89cd06e6867ce98c758fCC665d2148E1bb,20000000000000000000
0x3e5E7860029248092C05151542A56D9957c726Fb,205559483548143750000
0x3e6eF8798A3eB85fc3366910D1cE2066Fa79Ca3A,4306913282604957000
0x3e71Ae385b0766Df225f2E38E7087aa591fE463a,2108857620775848400000
0x3ec783B1C10d39F1653C20C821E0ed810eAf6A2e,16222504790770299000
0x40dc8cBea93E651355Fb2c4B101Df58Ce1cF4D38,240620790977737820000
0x41117551E82bC1eeB196150c4F476158F7757aEE,152152788633873680000
0x4191B3BC49D21c69922d0B175aB6EFBCF609FBB6,543982319431199800000
0x41a4AC2a0B4950F319E0f8c41e576E9dCaF01e1F,137851000000000000000
0x41c32b996B2Cb71cA1974399E3523C72F78F286F,51291783025243865000
0x41ee737595c8952CFF90cC3d0bD6Eed0B202eFa0,48888091206038510000
0x427907dC2DEF39977c092BAA4F992BCaE5DCB81c,7587871250728783000
0x427B7c2A04a41D96B804a774C95Ee92f5cC27a5F,976763000045593700000
0x42A7826B91b6f4E899815C8F00F24F8ADd782aDb,271711947286387800000
0x42Aa7543257AED0FacE0BC5Eb1F6657f2a234067,344566067429828350
0x42Ae216F5A6C99C9D7dcD98E9114B0d8F6f248b5,249908443331569680000
0x42a1ef5FfDaf134EB958814E443Db9c244375C8f,1931596862649929300000
0x42a528b769cfB8E4720919446919b5848d6bB458,278857942315766380000
0x42d29Ef2A0aDC2daeb36236d87FA18617224eA44,220631210790432930000
0x4325C590dd27437f08ACEd052608Fc3dB9b50cD5,20000000000000000000
0x44A0A2423113C1914993C43D2b063F7BeC7123a2,8314301951434054000000
0x44fA064035DDc0a05447B9d686899A43cc91807C,3412533758187196600000
0x454e1E7Be939fAEAC40AfAc6FB9309A6d4a4cc99,274221103695598200000000
0x456D70bf038f9A00a915BBFa4DC7240Ae0237292,60121149058118520000
0x4579d9a596129678D602AEF77C35777C68C3eBF9,22997531023180320000000
0x460918D8d1475CDb8E0F3480450F0218e6996C99,10325104800308786000000
0x4643731FA0406F21A6cC479E442BB4e59b742C69,3403828232613610000000
0x464bFb8838F89c08EfAd08Ac504efB3538Ec8813,77584865802585210000
0x465bA1a17D280888EcD7200bd48547d791C39977,208535771118965980000
0x46a20e5e0Ceb64ed58f5d29233479d8337408BD3,140858534107212240
0x4715cE8792E5D4423c8a14C4B6fDD37548EB9a8a,3377238292468194600000
0x471783d88282925DEa2ee95a41b132a457082245,211607689608442350000
0x4798303387C086b99E9FBBacB21cFcCe87E7c163,40802658839235340000
0x47C76126376b844d82AC6A07e173D80363BF1fCF,191903174534907700000
0x47E62E0Bf6D717350c80C17FD872bbc1FaBEc2A8,42296985175209280000
0x487d0c7553c8d88500085A805d316eD5b18357f8,3902714301838446000000
0x4881e19652fB5f8f901e30Db2E3d0eBcf33b434a,11396273074149636000
0x489476393b55743F3A09A54b82828C813A68751E,3493753054452891000000
0x48A1F54E97bE9E07aF8f74E3A1Efc34445E7A0ec,226140085920627720000
0x48E22d549D0ac01163dDF3e14F943f44d8FC5a76,346158117959323350000
0x48E53189a4AfF640ce484D89b270c4AedfE4E7Cc,247418351802451360000000
0x48E8588369BE094C4a10e3B81D9b8e2a5DDBCc44,4146051377257960000000
0x48b576c87e788a762D6f95A456f2A39113b46950,2486292020387491000000
0x49CB20D7F746C0a93522dd0A2f327E92800A6377,129553074894818640000
0x4A3a1F503F664a7DF698355a0fb4A505dEF35A22,350812475308018760000
0x4A5259FA27942ADe620F312A3B5d4dC4311BDD09,106256287008074800000
0x4C138C6427fDDf66d5a4aB814C040b310aA2257D,1301680620467747600000
0x4C95991AbC02a30B92a07Fc1935CD58804537ed8,113355935483289880000
0x4CA8ad3a20848aC6F5Dbb14cc02FCe8c037d11DA,6983806566190425000000
0x4D396974C5813159c704e96acdada21Eb01005Ed,540337202116196700000
0x4D5A7868F3463BD7b359eb3dEbBD3588B9522a24,85735826358452
0x4Dc834B52a7308B39d287c8B210A3f1a2a2c5411,116553838156540620000
0x4Df0Df2d3780A192E4EE87cce6156c562904e940,206143189590382050000
0x4E19610661666bb5D2FC8995a88A67BFf2b1692c,6951012668307299000000
0x4E37162d9b57fb82e1E344298cbc2303F158706c,50110087788212265000
0x4E609a968abeaaF866fde46a400847A9462F5931,4610025474059750000000
0x4E91033D483443A6115aCd19D4a480786b0d56A2,11742281757722833000000
0x4Ee28d9e62Ba014FAE428ADbd1DD63CF6DCAea3B,5767486830047350000000
0x4F195aCdaBb941B02f07934C9Acb5166E8A6cce7,103411331617404060000
0x4F3e6AC1184dfe3257Ad015656514F49885206bD,2254357489043626300000
0x4FfD0A59a26cB2Aa76D403215e4cC2845C053994,33380681395037397000
0x4b29b3687fe052d17C1b96887603ED477f1E5f70,19449194671596454000
0x4be1270bc94428C83F4fB4E8954819bbf9bf11D7,1382093076443378700000
0x4c2bC5eDE1b93965C63206bb703b37aCb2F917e8,69211145505698030000
0x4dc6f00de3dF0435c9a088dc6ca6595921701457,1000000000000000000000
0x4f24EfD4516bE3C7EA65cf359a50245c7Ae3878c,180641334740637200000
0x4fe926eb664A5A89bCC6aCEAFF42261FD5547598,759425406381614400000
0x501C2CAe71D9568da1972b03f27eD2D527D20aC1,5017191722766117000000
0x50598aF27B798d0b7F538B28e7C2f9994A9E58C1,80501650936756290000
0x5082DC20Afe9935C068fB94CB7666959390C479B,1957331157922446300
0x50a75BEF84d38A7A2D336e6d1F51FC1Bc85b6d69,1605900232661944000000
0x50fEb8C44C9b68c902112AD4F6857AE61E97fA00,1811437617969860700000
0x51801E488fb84E9d6b5Cf3fb8a7a5FB0e140C612,14472359370075705000
0x51837f539bF9C4383B745c0329aDc71CC57ba0bd,900577216941618500000
0x51f059C07E03d330B007B48630a857E582BE8236,594249307960840300000
0x5223c1c21C1894ee58dED4d09ccFA239a272Af16,8491144766729556000000
0x523d0cd051E272856a2C925C08a5FBA8425c4944,968443642201695800000
0x52467affE7A5c941B95B963bAf72fbE577574E09,2134589645837417000000
0x5275817b74021E97c980E95EdE6bbAc0D0d6f3a2,1769050651162019000000
0x532cbA28923AB09E527C4323C8E0A8eD73865376,1427982969482824600000
0x5368e0E3761D6123545c21C2073661A153C060a2,14184024320010500000000
0x537e789eC3ACb8905233c465D3B111E1ae2E6c5d,319903344858244800000
0x53A8475a2b9495761e2c724658737feE2F4B22Cd,4546405008621213600000
0x53Cfb3A77eFC4088b48Ed7B94E8D8EeA0d002AEB,2919359340015845000
0x5401fcCF2cDf9E458Af695Ed3bFf09493a419A93,237216345591216
0x540F4cd1d7aFdf9873d8f5aE7731CDFa4B48d104,96661857127717490000
0x5435F60E625560E899f6D5829ceDa7C40224de86,5354219138489114000000
0x544a40955bA1C7e56E161a59E1319e3313C25251,47744373700546430000000
0x549d2d44a12B121A8b3667463448605B1F2D52A5,8970931335123620000000
0x54BA3FF9dDbD2dEE95CDA54e863b07B0cdAD2eE4,1729657900972286000000
0x54F42620a4Db88caE8407982c30Ce8331CE1097e,23145824797777140000000
0x54bf48b227Bb531B873a4Ce734B592397aDAd6F5,300881493377816130000
0x557fC70312BCf3de81975B7F58Bc4CCf73d963A1,500294954492430200000
0x55A836aD1Fd8361c5D05afC9aFa634b87c898ad3,967310215504599000000
0x55bc94fcB6987Dad6c190a108083777dDb73D1F2,25930920030000000000
0x568426E072D5c2F2B3862Af5A0C59E37bfBbfCeD,131779819901834380000
0x56868E178e90F2139943B826f0C8c31425BC5C12,7126772334111446000000
0x574C5a477851536D8675A3aA5C76305C8b6ca2a1,573803699431180200000
0x575dED7Bd3e334a40089dAccF3FA0d50e26e1325,34364448263352377000
0x57Dc88800034f39049a7f214327927907E3cB263,42080726463180290000
0x580B92695c3E0F84B9F15f8337F0C3A8fc067762,8624811244904779000000
0x5867aa8f49304f54aCF00D409eb94abF46bB5E37,1603051255026449400000
0x588349be5a33A6EAb84403C4FD8487552ebE52B3,76747244428646330000
0x5897eABd827d38A5A8042051b9210bF6802e89D6,391341105938643940000
0x58e6884f4C0c5f8114854eF7322b4cf03086F1fb,2091659929349467000000
0x5957145FAb56DFE5Af988A4F55EDa4B205922C1d,671099775836734200000
0x59B01E778FB01d88EB3597377d7b9E7A90EeB1Dd,1783811684932354300000
0x59De126814C505757789f13c32Cf702Dc2f7941A,276655212183593650000
0x5B3067C5e26fEC823d6fBf8F315e43632658D2F6,35069096977126606000000
0x5B51E2376a385e059E4d74AaCa03546d55af491A,481361056330329700000
0x5B5bEEBed201470d3864b835dB6F96bBe84bB1eC,335026863163163150000
0x5BA1780a73398175789a975DB1910D6528BB1AAB,9360384286236135000000
0x5C1De9ce04dC35d8A2d2AB821840319F03a5e291,9461897566058777000
0x5DD596C901987A2b28C38A9C1DfBf86fFFc15d77,55723744958076800000000
0x5Dac9ccC215b9Af65B486066786F79d9aa0043Da,241379520190184800000
0x5Db2741169D14AeF22Da0102ca2abe4278BB0Df1,9381191618589819000
0x5E05BD32098593d1272d70D266f3F9B790010c45,2114893983647746500000
0x5E535c3894b5eEacAB0DD8995870aE2CB1a6655B,6179818535443137000000
0x5E8aE444f84BeD0249c307dB42F28639927Ea220,65746655451331930000
0x5FF09a7a0E5bCfeB08420F6A63bACE323AF93dc8,1317545085925429300000
0x5FF4dca8698dBCE6D39f729A5A15A66B8B3A11e3,58309814297390950000
0x5a527a69dD8D020FB28A185D011B5Bee698e2C29,5103714582722456000
0x5b13063f510EAd1331267259BeC279D95348D74A,660547203531188200000
0x5b9AB52584FC629f0F9Ad6948731C80e15b3D1f0,333296389715685740000
0x5c7a433E4BF6300B6cA314Ac58dd0ad656EbCe5B,546967879594225800000
0x5cF92babaB7187F6221dCC899d838D0474eAa822,9589265542066175000000
0x5ca642d0138f8fa36f4ec6311190825392246AdA,392585813545296660000
0x5e53Ce97fCd3AbE46F1aB45abB3e9A9C5e19F193,345439433780366600000
0x5e7a0aFc7e3C32f844114d3Cb375ab0C456A57Ae,376201410710660840000
0x5f4c5949D985675b63D8c84C4D4a3C1E077f43fb,124006013655829410000
0x5fA8F38531ECEC8D009Ba4eA54c2f98C1cEE91E4,11220457567602526000000
0x5fE1f8d52d0A20A0037c3a71F9B7cAeCBe452BD4,1224356760742206700
0x60060D45e9BCd83B7Bc706E8a25230DF5a13757C,107460029147511960000
0x603d61861C2E380ae2D67F6E299785AC84FCAcBd,86550414500749670000
0x60f725913FCad821F98416587A06A8b6787535F3,128268901946589460000
0x6175E7a985CAeAC2db12FAdA99E626EBD6fE7bcC,529831773572872670000
0x61CA9E2D275f04e782F820C0AEDA00776B5D895A,1738673380347916300000
0x61Cc8f06F3B6e1a3Fba28CbEbc4c89304b1187D1,907027222896770000000
0x61F2b17549834d740BfeCeF619907309F0071D8B,172035483787626770000
0x620675E061ab980EDf7dE559211E4aF5dec41210,1512479167111005200000
0x623FdD7b77277Dc2f0145Db374d6bE016A6701d1,2337186939521668000000
0x6244Cb96A99B7557C0ed56E7633CF2c70e435B82,12167780984479418000
0x6266431213542Bb43beB87d59565d710bdf15c38,83291318766421850000
0x6285577A9E77528285cd522497fe1A5Fd0D33786,38751375790139750000
0x62cf61C56a70b32E7fbcAEfb0d948193cE50a3f1,228564758529864930000
0x62e8ed98C38D518B3444eDEAFd8Ceb15a911B9e5,9520928982736148
0x630204233b046F477a4b0FaEC1d14E9f637E3773,1517273764246434000
0x63195aD94469B764D598bD066Ec9cB29F7B36e8e,1399416694561104700000
0x6361C82a61c3e519e9b51B3A823d2bCe31FE1DD1,611927439948534300000
0x63D28DCFad82A1B67f2975f1ed2F3e8a32a0A7e1,35134668070117265000
0x640EE436595A931Df1162b46E3BF4277b35F0A98,550627679573903300000
0x64110CbD7eBFa832a6854ce9C83543dA6E295959,2141088425113437900000
0x642c76D07A8a4d0a23deb09A24E9AED5F02D0f11,772782311132858700000
0x64509F57636E22886Ba06e47eAb0a6001ef32ea5,146415629208934190000
0x6473a62f180508235C26F6B9C5ca3071e25F7287,22375237749606826000
0x64802Ad5e10a1993B7efE6a77d75e640cb7889DB,8485342023975923000
0x64A6a0743506ed1A763E2723770D7554E89595f6,119973723300000000000
0x6517a512eF3A02731cD2B600919f23D8Ea21e006,6315116808536794000000
0x6545100189C47BF5bAa3be08B69Cb94Ac7C6f158,8686091338554350000000
0x6586185c2b16E620db0Ab02e7Fca0c66DeE7C9Ea,1060935781031631100000
0x658D44f77E1600814dc687370b7B2967DDa30ACF,259467089681397300000
0x65Fa425253dE1721d9944D4641E11f42E26abC24,973958847391077100
0x65cEc720ac2ee4e2a3DeD3F6617332B373BCCf27,884072336122269100000
0x65fbED0c8ba50993569298E2a1e61ce7Db87B6B1,917175802115770300000
0x66A534935E25c59B9A181efcd6889A1F834cb8c8,4731651516165611000000
0x66D870F9a9Fc9Fffa72D0935Ea5D7d3B51b7b665,39760744040000000000
0x66bC3025DD6459690eb6558dc6d6312C3C125f5a,188853703966241160000
0x66f6408146A7d83C425fF0b9d6880B8071DE3048,445983969800000000000
0x670CA472AE3c44fCFBfdca2bB5997e8E7b917105,808938643300000000000
0x671FB4c5a4Dc04956bf938CE937c15Bd5d02cF1b,258876176064261800000
0x6744e7AFA050CE21A351a6eeA74A11d55ef6AbB5,1523817562298438600000
0x67562757234E84F52E563e411c37dAF6Efed8781,2199214191925589000000
0x6776b04c0660f0460a8e09da457fBf819c77DC07,147870880545642380000000
0x678252Cd85e79d0022C6e8FcDB09cF3771ec1e89,6034267067554485000000
0x67975A056D3D96F80dcbBd7DE6F03D591bC0E2d7,151357175603688280000
0x67E8F9e9609B0459e2A30A67e9fC736ba445E677,44110259268773950000
0x67d1D0C11F042f46C605668c88e3C9F39744ff81,62727332867962880
0x681FFbEB36578164D468E427456ddF9cb98cBB2C,12926048236655388000000
0x684C40a9E5fC750184cC491738d70397af59BA41,119423901250940340000
0x686EF7EeF24b4459f8D1b7fc6FCfE8eeCe70ec41,901256827860747700000
0x68897d3c09C5019BfA59fc863f9d86d4583861EF,1489036523104968000000
0x689a91F0668149f2e0588bA5e33Ef43Cea11D856,5102872542910916000
0x69850ec1E0a46cE63207CF228EBb9d7eE3B0A6ED,699731453103961600
0x6986C69FA6458B2BC42154856FdC62de9752041a,2994040880508501000000
0x69cD1C2E13113C09a22Ff98cBd2dB3f682f716B4,3308646028672694000000
0x69cd776d8B37eE991362CAD27FAC2fbAb2D0dce4,216235853987456100000
0x69e6d54e00B43FE546Bc9dD224F22a2898A124B4,607929439793671300000
0x69f5649625622afEC8EacD367209a79d10A25a17,16916846694494433000
0x6A08CA93567d477C6699C50d3De6eaeB0307C8c0,622177706828598900000
0x6Ada1274d9C79833e5E5Cf9a5BD3C7D46d30b4ed,967656800369790700000
0x6BC8484c66DD60DBC9DC0dDBC46e576442AfA599,30519780140084107000000
0x6C28570747E25f2935902cDCce9f22895764cdc2,6980559124814994000000
0x6C552b47AFB47F7d0C6aF1DaC9a479046102ed11,727889205421299900000
0x6C6418d85470512D0B79Ad5b7Fdcc6ddEFFE1835,39850756807144770000
0x6CcD7c23e6Ccd9c5258EDdA9fcA61D1214DE5622,764635876318978400000
0x6Cd6444c22f8a2f1d7f57e969c4cBA7846a2dAE5,705520393446382000000
0x6D4ed8a1599DEe2655D51B245f786293E03d58f7,1747728404448848400
0x6DF734ed3d786cfd240E9c7Ca1D9148b1571BD94,833861904657513100
0x6E63C56d5FEBb118d46ac6f7858141cE2d0C616d,274845069552445880000
0x6F2399FB16D62170e14d1A6f2C4706CcA4E16596,8265526461756969000000
0x6F38BB3EaA4c3e735E39065009DeA14A2A9b918D,2035181739815079700
0x6F8b82D2838790270B45D46657f0D75d6AEcE59d,18831134586830116000000
0x6FF1134EB90f4bD4197e1E07C5E36C9078F03099,4131298723714617600000
0x6a018Ad51DE844243ce7FB743c3E5F4481DF6858,226042788565524120000
0x6a5334E6c9352C1b5735969DD439e41BCF9b4dA4,1453041823213949600000
0x6aE65e0177eEA1dDC387e4Fc8AC14A0Cf7F3b5F5,1860593687067064300000
0x6b4A065D88401Be1Ef1F689aA97d51313bDecC50,30499110570461348000
0x6b6cA48DA27304eeEb1D15d355D948f68b852733,9206088871383826000000
0x6bDc653284bF4DC4A60c2da77057ceF42B556034,1081796215934318400000
0x6c2693F5a936f37eD03CfA8465bF2D8BEFf19A0f,53974487413717795000
0x6c293B9ce048BC656aA8C944dDc4ff232fd4d709,66512074158121800000
0x6c5726Cb312f931fce2FC8080B6A6bB876Fe7bF7,2239292877868371000000
0x6c7286c5AB525ccD92c134c0dCDfDdfcA018B048,8490887814326998000000
0x6cD3621Df000AcE766f91683a16EB05BDab5ac7C,632138070783666000000
0x6e300d553FED81AB251ef85FE1226f2a1D9B6e0a,164392849123215570000
0x6e7bbCAf498F31254747A1AdCcbBBB35A39d6dee,1742207579497507300000
0x6f6C9a617962BC0E79141cD7e4ffA1E8014a6Bc7,502456949645963560000
0x6f8bedC12997CbB2CEFd4a84907568255e138753,2125930891064468000000
0x702D6DeF95d59E31ebA8420372821c2E49F2D607,27560090862451857000000
0x7042827a414A1C80784b40598CA6CA320199EDcD,4674902424332371000000
0x707076fb70def4b49a4765A593E86cd65Cf2feF9,210484625690623600000
0x70e8998b3B74924B2fD1fB86d381560b33791737,56203123797113405000
0x710665F60B71737A73D00B0cBf00aC92561B475F,872679834416106300000
0x710969f07f9B94428a612e26dCdF7728524B01D1,388524291383904240000
0x71287b2094a099742629FfE8a30Bb632395A4961,123938410046820070000
0x715CE94996518F1083Bc8171FE80c9fEf2340122,175361678340151640000
0x71a2ED0c233502b9334b72e9AA67055292501362,725901643486330000000
0x71ae112a1842d0C719185e9b8D0CAaFA4E00789B,175397721291602640000000
0x71d364c5AEb1e412E68E598d8bBde29692188205,452555109283823400000
0x722a2c31444049E077b38def8De71AA72B6e4202,5327823104654036000
0x725893eb9BF7C252A5c9e5Ee5a4f2a20574f6be1,141420776000000000000
0x7260acCe7F454a2E01b32dfcB5b528D9889C2c09,2629344821258829700000
0x735DD9Dd1fEe6454EC033DaC876c50870C44768a,83180642395535850000
0x736cCA2cF0003C2370BEC20f6D98261243EF0263,260919920210861420000
0x737E494f92CC95b36B6a6bD96bEA3BC75fB9A0e7,59411522845826840000000
0x737FBEF85A56D4Dc0f2e1d2961FAA77f2d3e7156,292510869404643160000
0x73CB8803e6FAa316cA72c60059B268368E40C1C4,617066053645230000000
0x73cCad884e29ef092a7E8B3e943b91Fb3881a7D9,1974417885269168500000
0x73ddB14AbF93eC0Fa0E9d55df0F14ed4a7228dBF,293109707754304370000
0x741Bc936B183F8bcF807C0204BeE62Fa68eA561f,1477643274571567600000
0x7459f0b443C78481f4242EDe891fDAaF70ae8A23,121388057941073640000
0x74AceE2b598DC5b367561F6fA8e0dcdEA7C794f7,25000000000000000000
0x74aac15A13cB4Dcaee907f92A2DeBE2221cD33E2,78493692132837000000
0x7511ec0e7a8e2E0e826F28C1Bc72befD84EA3e21,2102162592081645000000
0x75629c7a97ce4C06019F978223E21ef6E35Fb00F,58081061508106320000000
0x756900D000208D3df5cEbE2de78DDF209F1E59B3,39009606694254420000
0x757a35AAb8b2539764A0462c354E8D8a2dC77FA4,2403719608989457000000
0x75AEC1D6Bdb2d63BeCFd6c65A01f3E2175B98A62,14071552491075033000
0x75ccf472C4119223381b3488465d9af0b0f9636e,12113713312337822000
0x761C4bb545fC09E2B7ee091810CDC4428C843074,110817921374493970000
0x7627BcE3375FFC8404D89D595174AcEa5cc54910,21601586556481930000
0x7670E3cf6FF251993F5F475313e33194B35dfDD6,17542300724302672000
0x7671b32c46FAcb7499156Af010e40eFfF755A706,9402600915315843000000
0x76C972cC1679ca6701834f4DeBEA9dF420F1c0d1,4868991383163576000000
0x76E842c30c96F2Db7446d1Fecf0Cb095e3Dd69c3,40431788619942390000
0x76b60dCf71dA2294f8aA034432D925D1eED8cf68,99400940710957290000
0x76ea324fb5333a0a16bbc148226aB13b16Cc9B67,1190725325939272300000
0x76f37861cdC9B65016b341190F0e80413daEb6d2,1372974556911880600000
0x77126407cf03B1B846f1b64180B81893A4149EFB,23955019081503977000
0x771eB322E757Bbd8b5f480983975629DcfDc0720,9942235610366526000000
0x777D70798844246Af88d7e9a38214c2b19ce4929,156907895045793220000
0x7787Bd7B263A56B298904fc56B7D39a8654193E4,2571325936422855000000
0x778ED629FDE5Bd41aFe90c687B4a2578574ff204,1172245027424557500000
0x7798Ba9512B5A684C12e31518923Ea4221A41Fb9,244873739093114360000
0x779c1305d19A61ce5C460Eb8e854e27491013a56,4239759860783889500000
0x77A6B981f8Be856E1670bE732Df657350d8Ff0e3,179891728604542040000
0x7869901B01F941b242367981B9965c88F2a61fda,2285998278896923700000
0x78815067c3926cc33F7790d87460BEC779F42d4D,835296478384170900000
0x789344F94F8fd793907AC0fAfFA75e0823845950,463067307751125700000
0x789C558B8fFF881E133E440F66F29D254986ad7F,9574106213193830000000
0x78e90B46Ee542441e9FDcD1E072C3BC962fbd62d,361710874873897940000
0x79350a8348b9b727B01F769EB01e7eDC29904E5d,3508137507458049000000
0x793d6260fA382A26aC6Ab5fb6f9AA96F1F95b23B,20000000000000000000000
0x7950B98F460Ad83E997ebe1077B7EDdC9bB349eA,6107081626554607000
0x79D799F6272a2393cffb3F71E15aa9ECf7e3B2ec,339372456539762260000
0x79caC9C62612c945ad2fFfD60418b99f6c498bd2,97283781867254170000
0x7A593b52909F675E7CC2fCC8807ac60E620A1B04,85430181113028030000
0x7BF1f6bAC02f14a3A6dF3Ea1715462e64A31A6e6,2275708471568075300000
0x7C3696cd634393Ed935Bb838AF1cAb5d4AED26a4,3969788469587941
0x7C5B7Bf87Feab9A3F4972323BDdDA04C79D61315,157949972045970440000
0x7C623C079B899AD3296A06a6dbE779EC5BB67d7c,980160096956715100000
0x7C9457A775015Eee6e098Cb1a4Ba6CF9b0fDF3C0,1717504888800689300000
0x7CB9C6D83AEfE68180ABe9c794EB2201A1D39A41,882612535400000000000
0x7CD89748411CD0b8d27D319869d8FA974dF04754,24689008368280370000000
0x7D36dcdA42632654b4d84D0120D94f92Cc317e6C,1423994566207500700000
0x7D3bF2cb39f5cEEeca91eCc8201Dc01616AD089f,15082758765156936000
0x7D73742fCC96DC83DBB194fEB5BdfFb0c7c223d0,4337568774081730000000
0x7D7dDA46b90e22dda3Cd5301297CBED2315724EB,4634593581104040000
0x7D93f170DFD65D14D58682678B7a0d171f287c93,2248224336079921300000
0x7Daf54C80a8cE3eD2A3b8dfa38827A6cBfE8B7bF,50258713120670920000
0x7E6949e70627f746F87577BBbb3BB03f89C23B4f,1937950570960854000000
0x7FFd93d70067AdF71E4F43caa4997d2690c1AFbE,1882790747808913400000
0x7a4058133Ae7a7f0A0B8b7e63DF5d2470673d022,219889775771450250000
0x7a49983815a5f0499e590698c44ADfE766e6812f,401739117007331400000
0x7a52f2F1E7Fd2872f6D7634F1BD078B989683328,6476337345603527000000
0x7a60E44AD43c78EFf40C015D634DB2Aa95d51d07,8895249971038140000000
0x7acB6496438908Ffc7e7D606127989B84eE047d5,1182402413485941900000
0x7b26E71C7f89dE31FEb752d9b14219078fbD4585,1904837517198942500000
0x7ba130afC8f7bBa12feC271e8909e88Ae0842C40,1917596516242215700000
0x7bdbD553128b6CA572932f59Ff8f73B91E7086D6,57755970359442610000
0x7c2fbbD1c81Ba6CB32D87BbF44365eC0Bc70Dfb7,1353000000000000000000
0x7c430e3686b903D096A8b6e996315620f8722a1D,9590284069520525000
0x7c75d096fFE6AD3f01C6B222A9A4144913cC2e7E,37645195387705610000000
0x7c9EB06DfBb320d9eB6cFF26c83B0573C5E38C52,268477568656245300000
0x7cbfC3642263D04D5ea850001C5205A611CEfb00,16482896358848616000
0x7db8592e74f54822B22484e976B20e0d02008Bed,8607165654268373000000
0x7dd0b347392BbF364C0EA365778cFdE455F97C49,41429517166225590000
0x7dd2f3ceA819b879B1bf76a9eCA2754c874fC67F,1157262192319380000
0x7e1E1c5ac70038a9718431C92A618F01f8DADa18,235011785564931650000
0x7e2D9a91661e3E343a7Cf01Ee6045aF209EdE6BB,4818494228028862000
0x7e51ED1dDd5A88795dA2B5845092108983d51922,2189262425998824600000
0x7eBf4df815aF12Bb073484E7b03c686212505Ff9,40981250834525680000
0x8016aD7A57Fd087679c57E766D0cC896BF43615D,949602804054014300000
0x804594bC9D8effd90b19Fc6dF92c4af1274e02af,748702174731134800000
0x806767F8a7701ED44888dc443088Ba3a3916D848,2413956667210016500000
0x806a8E658d883Ef7ED6AE8F69f841eb718da8DB3,17367504848048682000000
0x808af82545A721C06D1FcCEbea915a6F5128BeF9,5676073966217699000000
0x8100c6D03Bf91C4c524f1356CA27b51d3CDd9Be0,421225769473692470000
0x81C0ACd05DDF88f3397aA3025BD95752Ea2e5630,1083561248699494300000
0x81F957a86bF5e592f3Fdcd79157D54254c8E92Bd,83391413870958400000
0x823b6b8DA270906f0a231223e46Edb5BDeA3ff13,66972028271777500000000
0x826A87c737B0d046A9A77A9958779E924DC75D2A,53252755162188210000
0x82C51666892250C6EDFaC3b56Ea6377df6D5D9B3,11064898882855955000000
0x82E8936b187d83FD6eb2B7Dab5B19556e9DEFF1C,680527024891215600000
0x830863b17b18AB291b694A6c06Bad67cDb325ca4,86020702331515850000
0x8326A919817C612d4Db4269b57B83AD29eA91715,1812323184230505600000
0x835ec0c1E0f86b7209a057F8C56C62120d51990e,497639247053445250
0x83C4e26671c394c0B47D259bB2e351D30c7a33A6,937020052654019800000
0x83D42c4bF0d6AA2A380ae9784c28543Ae3C42833,96514627400280230000
0x83b33Ba5B1446955bee0B3110C163150f555e40e,2409008476074486000000
0x84908E8B6ec8d9295C70f2e364da0620fE47422e,45871018460995690000
0x8560293F8D0583118Cc1386133d307ACE5aCC8B6,353068587466191300000
0x85Ee0C1a7826f789dFa94D7bfb43961ac1D1146B,132296883378688130000
0x86080849b21994Fd43bf6771Cada619874C5AfFa,80615265067436000000
0x86222E0dc1d1A9813B377FC4eE56D742128819C2,815331367303758100000
0x86686991972F9c8De5b59c0eeA577a944c2568dc,180817578525256840000000
0x866D3C07E3765fB3874FE276b312CEee90546413,189038075782378550000
0x86Ae657b0b38429E8072523F459e572F777cA276,602242026845146600000
0x870bDAb79826BEd9CF6A97035C39619c6f9E1f2e,15030554581135202000
0x873c7Ed0A7926e8d0168b5d0391b215BDc3a948f,2629635001414388300000
0x87D9fDf0Ef434c581Cd4A410df6fD736349Faa4B,1917126252165116500000
0x87a58AB71B3de67340719d4fB61b97396609a6Ec,134083826257826050000000
0x87d767A1c80eB3488c6620D5f96C4e1841020184,2048106711402947000000
0x87fC1313880d579039aC48dB8B25428ed5F33C4a,1706599406239268200000
0x887e8b6119B38C60cb03CAb204C0A704c6E0A473,397709827347681050000
0x888851dC68c2f675c48B9967dd234dbe0e955fB7,1615319836151165000000
0x88B8073739F867126C96F392512dDB34EF3A350E,509051800816331800000
0x88dDD62EAcd47f6EfdB2D6E06C98e1F108FEb719,2005100000000000000
0x894d774a293f8AA3d23D67815d4cAdB5319c1094,10222726311953687000000
0x896741fE27619EDE13094B6AD3882A752ca0f60C,787000000000000000000
0x89a3eeDD7D92DBe48946f0eb6DcE759a64840471,941892206992074100000
0x89b24920E787ea34a661Ea1288adda53F658839A,26075617025807733000000
0x89b72211Ef49f1C69d0f7852062A1Ad73e022246,1112628050341940700000
0x89ce69342E384313C961FfFA80234EC908Cc6e96,3916335752477653000000
0x89d5FF2AAc37114fD68E73819Ee55Abd5A4EE1Ae,48826952122003220000
0x89dFea399Ce72975993fFD6CD59Fe4FcCC4E2240,64500000000000000000
0x8A2dbcaE7Eb8ba0cd2E1AB1fA59b3cC472846E55,24577143615656840000000
0x8A30Fe8DD7C1B8eE6fff8892731eD345b9E33B29,95999906067973900000
0x8A5091438B233fF5527564AC44950B2E31e89AEa,119968645878769550000
0x8B86b69D4aAA54086A2097f8BA7Dcc525ebe6e2e,557832315523199100000
0x8C403AD1791db9CBfcBFCBC6826E4ECE56495C0F,283382344936911040000
0x8Cc1226540EB7Da70BD230BB4bfaEeBd3Ff053cb,30658459295387365000
0x8DA16a49550274d443fBc2E4cD688cFbd051390b,432448412155097650000
0x8DE3c3891268502F77DB7E876d727257DEc0F852,1347745397191542800
0x8Da7964d0AB1Fe2Db95367794Cc1c102EED88738,7108544721835257000
0x8E0D1207E312a1761319825882209F0C737F24fC,44725167395828710000
0x8E14EC98D2c5E31b5bc804e4038A2DDC8dC34d76,287352669940526480000
0x8E29D0E2CA8e92a9f27192616E2E9f170FD2A035,316697406308719850000
0x8E514167FA33a567eB8c0D4D94ac0d24E579D7EA,2090735767455178400000
0x8F74A063bB919D4897b4dbe391473788121F4B14,22819209630000000000
0x8Ff5D3D060F2D21a15961bF1e5D700FB9b3494e1,29008254204416537000
0x8a3201EE2270df9b4aF6F9e54795df2aBb3bb840,565687432716668800000
0x8a534bEbcCCb665ECb391C00cD6d72b26FE52807,507484661170997950000
0x8a59Ea01E629A3E8443F2821A986DD626333d2Ad,514541797599002900000
0x8a742C860cd93EFCF8E4911777e59F6A03D7e534,315618630468435000000
0x8b78eb724A22B422891d048012606B5563E62924,630052351442216800000
0x8c1Ceba35bE4A41486f44aD58c80FCCB073B32a5,1915031754188495500000
0x8cb8c8C50C0a6D3295a4d2955Cb10e69E636bC80,6551538642753469000
0x8cbe0e70513178e65Aaf6721955F6202262145d6,357489802861944050000
0x8d02F47aDa375C301186fd212947F84097bE852a,1265713175600754600000
0x8e0044bFA5F1F6fCFD699B5EC10f88E2153a7e94,5808176967514619000000
0x8e3e28e403767931A31CA33A5EeB838504F9E2Bb,53104966946422470000
0x8e9a87e2EC35baFaFB8a93d81b589eca92577054,473922906186600400000
0x8eaE6474F8FeE5D15d2477fB05B59cdf0859878e,76504907384017930000000
0x8f2Dc6afb0771E9Eecc842d71f7599F8b2D33183,1287182660044261700000
0x900840878765904BAcb6605b9CCF9FAd0b184C9D,50836300000000000000
0x902413FF6c490A662410886CF7f8267D0ED8d0cb,49452264072271170000
0x90b3F8E4658c948ff773aC4D3F211080A5A4e333,11108149218353628000000
0x911e59ea54124f583e63d64a72874E94D3B84789,229658800000000000000
0x913D97DAe24A2564B0b092fE99e0df5291a6C086,364209345645202100000
0x917cf29fD923a7fc63541d01D952b50D79D87782,1643912582744526600
0x919Eef36956776968b5c8F84973AE8895426f88A,649590001792725300000
0x91BdBAd8a1389D2022e5DE130048Db6596B4ae81,573811596574494360000
0x91a99d69cD00Bfc2DFcc80DA6FC474530672291f,89655147830012970000
0x91bA1436728e12b29fEC3dE8fAC15BF419a854f1,548925062203483300000
0x91f4e48384F775B819C77C4901Db6CA6e2E92B80,205295802622239600000
0x9213dc91b318F030EeAc9085871939C6C7C58089,112624932994406650000
0x922CCB256D9896b206e782670142228570C8B065,7292386250900584000000
0x92811c982c63d3aff70C6c7546a3f6bDE1D6d861,1027457271089539000000
0x92BF13bbD454678C85408C8352D9F4686679A11A,3016906948804541000000
0x92f092d7c8540F97b61c28Aa9B8c14C3e42922cE,40438779964004710000
0x9324829cCD07B08C8D27096308F37d7cC6EA6edF,4782249642715542000000
0x9386969aB9c84A83298B4489e7E1b161a42A3A0E,1107770357234730800000
0x9387F71F3928ebe9cE8B3D8cF37a8FB52739aE7d,432534032040169440000
0x93adaa5757cb116cbE445f41E65108425D5b102E,11745234761778597000000
0x940AE0e097cF11d32dc4BBee75b9E328F18235e0,702043833852211200000
0x94112434c4C3EA14a4328A5D9383a00e78d772eb,12086879613570217000000
0x94239d8D5FbD9466d7F1b8efCF1c0E5B3CC512c9,251362397310090100000
0x94F94f0bcdFe296F4E94A8e3065D6d1d326D4a65,4213044283081992700000
0x94b7cAA32AC08a528424341efa3A72e5771b7b2B,1431179234072863700
0x9531cd30cF15cA2e6fC6A230d42D355c968a5e18,1347784204903656500000
0x95859ed507ED13535de6Fe0551f7363D4CB878C3,292589599399901100000
0x95d957731c8161825dd8d984E65BA5f03464389e,10475969933329870000000
0x96229bD2d8D33b33dDDE4fC9503c9ad6e8509e40,1030498048935984100000
0x96230F80C7ff3E603d0d447F5c99966DD66ED428,14453934342463924000
0x965c953Bd112d76935768eE2aDF31c5e3347779e,3203444851197903000
0x96ba9D89D87a9b1CA9B9Ea16aF4A313BecCfE170,1618543522317148400000
0x972b0F9cDE1266e860E546ac92E783741769400F,19019495880213240000000
0x977275D0Db2De8516b0728187Bfa1Dd99204bB01,103191853581552240000
0x97A0E5872B47f31321fcaed57D293058bfA9C338,36824001042026330000000
0x97B5B1A5745F5D876Ac2d8fCdC711f00eBAA4B29,824344600827755200000
0x97C3679081a24a5AD42d2c020Fb82b3BAAEA1a21,14713826283809692000
0x980BF778957C9Bf17C6DAEE97260eF1B99991c90,238617072811956500000
0x982458536d6b3c00CB6e9Dd0a8D0DC9ed0387855,440927333673495600000
0x98289029B0d4bB73Ead9Eb1A3300eD724Fcf6779,98209951315040140000
0x982Aa379663cF3103DE7d05D19655E3063f30807,31411978343188960000
0x982D354007090831b36bD3d9b64aD07B8e2E0F1F,14931689848868983000
0x986052DDa7f0A5BC0bB209E22F5CDa370101cB0c,8113101069127676000
0x987d6A97FB9F9E93A7de5e833C21A23982001B62,76000067372143920000
0x989737b2218C11B6B480ec3Be1F2C0c6B5fadb10,128669200000000000000
0x989b1D5211FaE2b1D9B000aAD488ebFE27E42867,699016147755056400000
0x98AeC4EC5050945Ce67063b9b173FD27576E9c76,622725926238498700000
0x98B162652701F18621bf475f4a096C4479818845,46261505599509594000
0x98CD0F2a101f3545c1702177FA77bC55fD0Ac4A3,50168310005024235000000
0x98a0EDDfeb8D70214744282DEc3a6d9e7AB48Cab,115000000000000000000
0x98e08545c8d4acd7089B7512281C5D64873D71b4,1847927249039852000000
0x990c49a35058883205c856e5A4d23658e0403Cad,367037362403899700000
0x991B76Cc6BF004Ba17c1E181D2bbe81A5d81be52,34827706176677970000000
0x99349957ea9c3c4120751018AB074E79C34e0611,503927984685770400000
0x9972908CA6Ccaf35ee3cAC7977Ed1692144EfEF9,27708100000000000000
0x99CE29Da2B8D749bD47c54Ca9100d4285aDF6822,8757946564125887000000
0x99Ff0739808b6f79B7e261beFAfd802be308Dc53,5892206887423593000
0x99e7C97936c72A1A722bf93fA0C3B8e1Fa2dd952,70216119166369580000
0x99f523951516FAcb0a42D6538B1f61D32f2c3fE6,3865408616449801000
0x9A43E2d3f7D28f0BB8A6B5952dC563AB51B8cb55,134891789190041850000
0x9AdbF5Bd99A34a0BFB369C35574F1F688a714a01,5614843519417291000
0x9B5b11A1D06F5dCD221C98642D5aAd7375dcCA33,2440000000000000000000
0x9C6DC644C298FEb775a1701e41cc04D944eC9954,255735381275199960000
0x9E46804C5CbdD6f11872386914745d4985f1b2C5,1907426188673267000000
0x9E9e798c12B2AE77D0e6e59d6D4B9a00Bd47c7F7,578808072299854000000
0x9F016D792DB86cEEd9CC8c245a616BF1E74157f1,106870961436094760000
0x9a414b1eEfaCd52209e2a5cBC20e4D9fF1E280Be,7692898255008142000000
0x9aaED9Fbf4dAB79296190817b85645D3c9DcbE7C,310056614125093100000
0x9b9A05Ce163bD4E1fC8E1622ECc61bBA7B0004BB,957527921876358100000
0x9c4Dd689722c73a5edE8FFef14c77a35E10374C8,12179869236085258000
0x9c4b88fBE06b6B1E461d9D294ecB7FB0c841dB4f,270733542362809960000
0x9d6011AF7AFf9895F880Ae52F7Ef05AaeF6DB3b3,485944897129946500000
0x9e805De5064f2973106660d25c7C7D64A00B5cC9,915706916729213700000
0x9e89EF8566207628279b3B5835C7aC89aC329131,5959827759634065000000
0x9e9F7f444F74a98f48FB306Dea2FC30E628AE884,239428786805871080000
0x9f02B019D314AD32A33DF6D9f31EEbC3aE2576AB,3255732347644684500000
0x9f5c041240E185249393E94DFeBd0eBD77Bf9Df8,1122918275296172000000
0x9f7C762AE5E97f3E6FeDdbBA782Ce1bD5545203C,61000000000000000000
0xA02D5126317c5cE85ACd8B0ad1d35f944Beb441a,2086790392979628800000
0xA077b54582e5d05DE3873b080ca9Ed4b59acF015,553242312979509740000
0xA0D09dd6130596c3fadb66Ac6d94eD982510CDEF,27996921864498870000
0xA0ebF4f41BA800A534883DaEb0b661029986385c,557552131961214500
0xA103a6602B5D24391c26f512F5845313633C0e8E,1139455478102432500000
0xA10fFEB0E0FFcd2846d4ec1B93a71fE1e7836827,2686276164764065000
0xA11C43F45704EF8446D977CE7882D1AE96388DF5,13612321829817967000
0xA223f4CC2048Ee1e581F959dC6D259253bE688E8,309551756247905800000
0xA2b91a5aaC07535Ce39a7bfAc123C96F2368f6cc,69176408923409220000000
0xA31fea22D0dDA7d54c9c2D56F0Dac3080CE8d1a5,2009540756394054300000
0xA3e17CA80549C16CC850D37acee1a02C45736f68,4643257725687914000
0xA51A6F181D7BdE6F4fc445Ff844fa9329616C01a,66563037200992890000000
0xA650d49437C5b52A2FfDa5A9F6C24C08492DE0Fc,19661664989080545000000
0xA719DB5B3B6AC2a7d077c5f5286f865CA7B2E248,806178827140595600000
0xA75B291eA946e08F91DCf4AD0AD1FA4cd664b258,195731196291172930000
0xA78a7b1c506a798747dc7B24734d0E1CB0FF5AFf,132262963207490900000
0xA8C8703083Aa9dFa8508F06d6f271d3965e55B73,2164385247692364400000
0xA8DDc541d443d29D61375A3E4E190Ac81fB88608,389627652613508400000
0xA8e7734A04DA7E4156Fd2D5928535cdc76e94Dcf,5501882395468798000000
0xA983723Ed60b541DDF896711F271b5bF462c0c23,17100582313786760000000
0xA9fC70368e2B8fcEF4B4B8D3c70b93D6333defFD,82633198490000000000
0xAA557669f38899a2cBc03C148BaCF6eDB75E7F94,24295533548745100000
0xAC2c505a50F8a20Bcf0f6315a204908508F60a23,150000000000000000000
0xAC6b6e048EC51c859eC887745edEcDD5Fed3de72,612119826121504600000
0xADDADf3Df10bebFFf7201427d50Cc0448e2E6F3a,2634255487182253300000
0xAE049cBaA41b634460793927d62329B2614c7678,231079133809866830000
0xAE30bca6D95261Dc9B76890f2f8d9f3F71464e48,506589988062847040000
0xAE63E757dce3A0a12a657F3d04B8De3D04B996F6,4486904525118601000000
0xAFaB1aDFb25E919D9f6eE7196f1AD0FFA93cAD12,1289605661624921200000
0xAa902D176987901f3c3d75eFb50f33520e406647,938832991882772700
0xAaBBCF100E811D9377F466c74bf8d84Ae65392B4,1787264965170097600000
0xAba99EF8932A9B55337E825566FcFe0DfDF32ab5,1539337589594779300000
0xAbbc8eD056Ee1852F36BD8E57aDd4ea7C0A3eC55,22926338173184260000
0xAbe69Aa27BffBDbf006D3918B68430c78895BE53,5458736638896967000
0xAd2875d54a233eE23F08235405f01396419Bf881,527974915701295600000
0xAe9a1181a30F88485d1c7940E7359b19E7F1306c,1901353175737692000000
0xAeF5243B0a9ECfaeB432929D13E000779feA5ee4,12015588889355893000
0xAf79312EB821871208ac76A80c8E282f8796964e,73217457070450910000
0xB0720A40d6335dF0aC90fF9e4b755217632Ca78C,66169941029266780000
0xB12728628cA10cf6A582C7162877a4233288DEe9,306392752236615400000
0xB17c14Fec0Ef1a77EC4f68f4f63D0F6A8F5518d1,182000000000000000000
0xB1Ce6160bfC5CA04350bad4079A256D706cC921F,42932834092044950000
0xB1ED930c6CfbAb7D125251925D3aa19688DB890A,27045103010445108000000
0xB1Fc682F81b89C09BEAa3f8014C552987625828F,43871677775482250000000
0xB27F71F1DF0FbA047C1F647B0C8f21DfBCdb7101,383670000000000000000
0xB2Ed9e6FBD14730Ba58b8beaa5d3C5a51eF135dc,3356870491648638300000
0xB34d0BFE6E941185e2F5Cc9BbC2E21656905754E,30092100000000000000
0xB37f542Df19dB04f00D349d363C71C6BC987f416,204657410521752000000
0xB3BBFfb97114D79DF7Bd45808078A56053e34586,3611735547452570700000
0xB44262A4B5c791Ca2a425612694C5f2aE1eFAD26,781705682166965500000
0xB4773a58BFa5eB5f1029334D5dbde2F12Cd35D42,303838883127675100000
0xB499c1E691D443Ee19e48E1124f0D949368e5B15,4631962813817219000000
0xB4AD9A13828482D05Da991Acb18B4338F386a2b7,293241894222570160000
0xB4C0dEeEa3Bf21DBC47A8ff22183eE7f13117C69,5496070947562034000000
0xB4d52D8dCe460A0F7c83dC48a16b21aebABA5A31,473658908703100400000
0xB53ED4b7B068d41b590927650f4dFB2F797C3b22,764164679912594700000
0xB55746f52864408c71Bf04824973da2a0b0995da,199277974367663100000
0xB59D77385B0f390B688A0EB1D804cEC76369Edc9,2245544075245683500
0xB5f69d0cBD702D713767C5442122c156bD6C971c,144865799578363500000
0xB6398fad2F8D238aFD3A522A8cEafd400e71Ef62,1303439661959434200000
0xB673773fc860Fc95e96311274535EA3fCD763c46,5934030031409885000
0xB6d4b7f7379FC787d13A1A6799bf609922e4C922,700389299665471600
0xB7093453241ea7200889fD2beBcda3EcE3583348,3230189839428676500000
0xB78f56F0FB828050f6D25a3480435625332Fb990,2098953225400000000000
0xB84995b62673C276AA6fB733979693fFA4570371,5459132454172146000000
0xB9328Ae4FfadFad326Eb39AA25429760Ea28d043,39080307560640420000
0xB9F47c844DE01c00026687B80Bb1443327e17446,3415322945927029700000
0xBA7823F9fd87656c976A8fA02c042eb8234CBEa2,14569741754284575000
0xBA9a4BAc014fFc8A5a1d94AAbc127172ADD59aDC,161553789578904000000
0xBBFFB59600551d8604Fea63a5Ca0AF865DceadBf,407328879200000000000
0xBCb54eDB9adDcF7AF9C95B1c27F551432C9EbBC8,831198474904335300000
0xBDF62Ede89d58692dA0853410DFB18CC9c016f64,1173766141284460800
0xBEf0af218433e07D8Bf9Ec11065294160e43e82c,69211263688860370000
0xBF1d45f515E6302E58280F1D9e58C62c179EE03C,66185533178164550000
0xBaBCFed5146b3e63C43C5aE1623d3A47CF919c4F,22835713867618607000
0xBe7A6B562f0A8fC14B0a5bAD542d88859c8B796d,6615021202809720000000
0xBe8DEec6dfc9441487D18E28fb2D4f72f5bE5F5A,6431574176131606000000
0xBf26a14cbDe411Ab9818EF370F5d3676F8b63Fa3,3196384115758788500000
0xC0114ca8b391ded0A70864b165ddcfe42b0AF7B4,3651346931985809400000
0xC01dCC6676554FEAb4Bb355C989C01001135B986,611059120514440200000
0xC0857cc891A34aC5C96b6A1565939a89363CCdCD,501098159607995760000
0xC1181b317ca5C88488781290bea16C924CE11B2E,97669739908390240000
0xC14874284b65169B59d63c405A48Ab8847834Af0,5114113955740492000000
0xC1AB8632e3f7fF2b62BcFC5c5DEba3aAA21799c9,14127000000000000000
0xC2242a65EC03ee39973Aa0Ca485400Fe60808df8,14073441241459566000000
0xC27C94Dc9d552c25ED3a818d006A620b18206ab3,140552478516835450000
0xC27D3Cd78cB5CF1d914D1c9cC0e7b1cEB530a534,158086326904913350000000
0xC28B1ead718A5723dF6561B5778f12D84863E5d7,71543021317335520000
0xC2D4d30A60206021D777579752F3C7873C7DBe75,1218546752715723400000
0xC2F8F4597237270C859cA80901AF796A521BA7E6,52146016591685394000
0xC3193E39F77c2Ed59045CfFfCDCACdDa72f29987,998419092571336200000
0xC38f858Af24Ec67DDB72A9c06ac17D31a1186DCe,2993781851113523000000
0xC441e520d08B235b2CEC68C4d34399C45d0B3B0F,2620668372360867300000
0xC4508Ad89821346257F2BcB025317853D2E29B65,617326255741799100000
0xC4a2C87072bdC8AF8a3437217e16b81299653a9e,24716442639076557000
0xC4ed4b165463a4bf484F938656E9A9843Fa299C8,211981632850925680000
0xC5085Ce579b1B90Cf74cf5b85b9C6f34EefE5BE8,1484132268259380000000
0xC54D839747c4f7828ab4758058218d689c8201EF,1094333188639087900000
0xC5D9A4406c28f5cd242A72eEac9Bc5CD117aC094,87852400000000000000
0xC5d1163209346C9A538566f706c6BC8Ad68c2FdC,6039632249795571000000
0xC5fd656a1Cf0845c750Ed259AFfc52f85fE674F4,7207092021326168000000
0xC6387E937Bcef8De3334f80EDC623275d42457ff,21219032844210190
0xC67498FF3A7d26eD25e519C95C82895D890c0750,972724240715460000000
0xC679FF1E031cfB008E68d496b68Fef15DA85C675,5516850151991509000
0xC766545EF68b49E5C70F4E04C52a9caf27b9A9A6,1631690700556968100000
0xC76f393bD305e3E336BB0E768592676Ae23aD608,62250827852961905000000
0xC78D7cd2ad40C12a6C9AC59dBD5eC173c80bEa52,350956024374071850000
0xC79a87EE20aE43Ce40C75D0489EBABE06A267315,1736303229032616700000
0xC79e212ABAb3CB074554e1A10b58f0053c53DEa3,26616714286455210000
0xC9068D4C2C4B6fcF01F92628961e4D6eae355d27,4534429433167518600000
0xC97E039f5cC4cfD2d02037824Aa78e075d23CF18,3216490966356190000000
0xCA7D8Aa0d1526668F9C17550E66EF0d0FF4015Ab,362725956065352300
0xCB154f36e69Ae26A96942f7A1Ebaf3D181A082Df,2576948817875110000000
0xCB8dB65E9aefBB6386cc5B757516412B79067004,1991437216254080000000
0xCBA1Aac27874Ba9a2F79Aa27d40Ae57A235e0243,89986256852403040000
0xCBAF2d78125C5923D5802e8495F8fd99BfDff239,286861155741087530000
0xCC9cf2f8E5b72faE629e3deCCD1329117619eE70,12851909083403256000
0xCCD08c9520998b47b31c3768690Ec6C1193cDc69,265571598421571200000
0xCE44007A0A90Dc201ED420f5b072Abf34Bd2Da51,100093822250939120000
0xCF683625196558AdBD94C06C3Ef87ff64be07A7F,209982360147801570000
0xCa854081f54c47aBE856463C74d4585C372f5a6C,6057840108272361000000
0xCba1A275e2D858EcffaF7a87F606f74B719a8A93,4641111485912074700000
0xCc6bF66292D436c2a654549d59eA16D483b77b96,56717410620811020000
0xCcD6590aD8B5c8F298dDd11cf6dd75f5636d7975,1452994750954603800000
0xCe6c0bd926A76D715C829bE4965ad064447d754F,1691097626806406300000
0xCed3FC4610761F79242D7D8A72FE86F3A1c626b4,6131595060335944000000
0xCf4f678B5c2051C97f2e02723Bdd1158d35E1341,391475896424054400000
0xCf50bE13b6280188e594AA2D3e3EDfaDf20EFE3F,4254980898613898500000
0xCf9173008c5c4C37E0a0863B3C4a905597B8598f,6053726017273729000000
0xCfa9ACb621C528e85d04Da074299f87C99fBEE6D,5944534470460080000000
0xD00C76DB20a3AFDD1Bce601252220e515787c4DA,43075607374039720000000
0xD0fE107cAF81614A0435a6eC9C9c40B3e63f9b66,4697937302428284000
0xD13Cf36b646aDcaD473523F7B32bAa74F4F8F502,140704585924722460000
0xD2476321E3c0d862CfA9647c1019D2eDdc761C40,18836105613548225000000
0xD2b80790bB510E781C9D3cCc1Ecfb40A9Cc5AE11,50175103467066540000
0xD3181bC4BDeA1aD22A0080c88a1180914F8CeA6e,2584827129525913000
0xD358ea019B35Fb0f1ACCD6424C4b88C1727c37Ff,1943020196542762700000
0xD36F6c76572e7a2E9b457CA7de541c2f4115C649,2538394156934600600000
0xD39680FDFb7EDFF248484f905aB6860cB64d77cf,37844437677053420000000
0xD3CD782d2b78E286F8C6eeE6b04583670CB87266,1935643035221552500000
0xD3a4Bd023d50E1c7db837C9cD42806494b775935,425302244790998660000
0xD3d20F2D89922311F87Cd954691102f475833770,1073496007888346300000
0xD3e22aAf43BE72a1196F64ff46108aab0801948C,1484155186374489400000
0xD4D760D3Af0FB82a8D45E6110e8b42D632bE843F,2816005127119865600000
0xD4F876DC0A7d09124BFBCa1443cF0F69c05bd8b7,806585515555712500000
0xD4b385576FF030a45f554a65EDd8F1E3A17234De,12078355197993
0xD4f17C243Afcd516F706dFEB18F564c28F243225,427094854602774740000
0xD588a467C361C3F7B3a85B100FE550C61ed0B5d0,1090074285877612500000
0xD5D0b8f4ff0c9E151f647ea70545a1CdFee93BB6,72874355229402840000
0xD5cfb95Edf6d9395c271Ebc1c271c052f7d57dF8,74081774573793530000
0xD670a99b9ad6b9FE256294f51cFE5F38E51D54Aa,88874811499639590000
0xD674d9DBEa02B7457408Ed2Cd21051498ec8d13c,755329779689410100000
0xD74Cff6E1C795ab4C18CE938860691a43EE4e492,20370489489817193000000
0xD7545fe3b75207e727b39B6b1556baEcBC46cEd1,292403760556092330000
0xD8606F18C7A5bb49713d7618e48CD88024887D92,5346171951964074000
0xD8E47feA07D07AfD1E2446d41153Bc998DF4a257,1357979055212446000
0xD9010fB0B7df8bD85B7B614c01dF9A65e032f60D,135916982237072900000
0xD90515a69C82b92992fA3c03D010AcCB366Bf2C1,8955124343493055000
0xD960Fcbb70349154Fa5493f974d4BB6eF67d7519,227564900019303940000
0xD9e2A3b80A30CB48eef4DCb4Aa8b583182a16b4B,1790270047418698400000
0xD9ff18Bf57a664e7F8447E4EB77aa8D5f3245b54,9755862296981720000000
0xDB0132c875eA7A00c4a6283da592ae6500205396,158967638201888340000
0xDB5687588609623793249135F61A2A54360Fc682,149234274170000000000
0xDB62AcA7588d82C6Ef8b6A577CfC3811536997a4,2785520326630520000000
0xDBDDA15663cdFe1438A19D0126674420F7047B32,415858077726990700000
0xDBF4a4874E5BF633D8628e5272F9965EC1Ee4dD9,729637227422982500000
0xDC18517d7f2EffC6ccE195f5a2Bf64AB52367AD3,13182164430838678000000
0xDDbcc53f0C784C37862671F8C36F1175338e3322,37475015726673250000000
0xDE9939E9c22C084F9D0D1D58b7640D6Aa9503340,211998006978547020000
0xDEB36456D09A81b1C470b0B8110E28aE3925e8c5,339976628009557500000
0xDF3493b4D01aF9382659E082FaacACa1495a85AA,884007570850955300000
0xDa9f37c1333BB2474A7012024D397654E603c3F1,5000000000000000000000
0xDb9E9c36eA1c25F1B8d204A6b476C40bD6350545,21938273049522442000
0xDc13B815C055b6C620CBe16bcb9F684Db69246Ea,8101225925687247000
0xDc8AF4218c2DdF73f574E6b7d142abe976be04A6,702257095075254000000
0xDcBeF2bA1E9471D3D12B47E1d6B81D55D55292af,46256756635746370000
0xDdbce979a586Eda933980d5baf992BA4dbccCedf,1876762202682623700
0xDe975401d53178cdF36E1301Da633A8f82C33ceF,45101201827124590000
0xDfaeE2a0D27f3f37f468D62e02fad28e264d2050,67551192428246475000
0xDfb0348F0d8200Ee2eb50aa4755F690dC3165B52,172773571432593980000
0xE07C6dE6c1e8208ee5B7011A725Fb12c17d48AA0,36031678907137032000
0xE106e50aF50bA47Ff08bd23C3BE76fD2Bf135Df8,3869511765698540000000
0xE1A27375E1B47dAC5C213F9F85Dc4B1FbA80d88d,48956921740000000000
0xE1B6727314d10E27E94B1331571Ce7072B4c47f8,1138839634080963900000
0xE25bA8eC283a86a3DBfb471ec262E26dD8137c59,50616345446326810000
0xE384dc2861717bbB8Cd3bbD4c2508dC07Ff61E57,10408714371720288000
0xE3D115848183bF0B366A0efd59D57b670d9d37BA,4111956603419252000000
0xE3E7620168DF930e62fb8Fd04D6E8049892Eae1D,92314075300000000000
0xE4Bdfe211255FED62eC74FA13b286354E15A945A,9314041639590267000
0xE611e1Fe5A69385593A76C934fdd90B0270A79e0,2169782585492442000000
0xE66b9c6b6363195E75F806bf5519e578F02114cE,345251650883247100000
0xE684dC05C16851c65Edb5D9fc3b11Bce4F427Eb2,47288462568818880000
0xE778Ef6CabaD3b6f8578680f5f663E8548697193,99534629551302690000
0xE81Df5ba52c89b4B2e8a56d05a4242F937736b53,138632700000000000000
0xE889Ab1db4dE3F94190ABbD551AD470270bEe20e,2216514604416555500000
0xE9408ec9a839860933c92dc91D0dA28f07bBdaC6,10689352277495720000
0xE98b3031f2A3FcC8B1175Ab93C48dE0541A76164,315709454751669750000
0xE9db81A85fDc1f28239bdcA8D3054ad39F44A8D5,1140422944177117200000
0xEA6567EAB8E0B74C466d363C45854E6F3BEa7A0c,13974266779605574000000
0xEB0Aa0D277312Dda0260fE32a31EE3565af4BD20,8678804802825959000
0xEB1B7C571ACBd461db3386eE6A3FBe4D375788E9,908460712244834300000
0xEB3f26bb1A9D07A42802d3105Ad52B4858CcA4df,25416719589752514000000
0xEB4576fE753DAB07635c0Bb6c8f0A355e1Db5d31,169984129117302880000
0xEC9Ebe950cAd79fDE4139714283145137cE24AAD,199795608754291150000
0xECC96e1dACd78A07ABCd06019b662E16529F7fC5,1293402245002441800000
0xED6C6DcD925874dC73516F790014168dFf1FfC68,2289715429839720200000
0xEFDcEA99cDb77EC4F0a474dDa114A6F84a0F3823,7906006027674568000
0xEb332A4448352582c90d3962012C06d77e69586D,78733064915099170000
0xEb88911A64e424FB9D922172f1e5b57cE0206B43,4489743633322433000000
0xEc595dcE797BAD309498014B762A731aE5E1fee2,3578534796497279500000
0xEf24d4a0ae6D0AC02cCfF0B8Ac1cdcAddEc28a4F,2991916335015816000000
0xF06262C6ed502918992810Dd8B4112885392EAF0,52943741051995490000000
0xF16A42e6cB11Eb4F511d67A7f57b1e09B067DC30,14398151561542925000000
0xF17ac82CB2c92853100f150591973857B1b48D7F,1790923594458286300000
0xF1FD6ce30AB2a58033aD0e0005cEE5A79DABA82e,22903739931130540000
0xF2041dCba6136A4177CC4059195b2b8626c00971,277395754574026600000
0xF26C0d320c9A11f90528F9372A6050650a46F525,193089444080061400000
0xF29EC84193E399253B8BC86380c4DFc9BD569919,200224915265253600000
0xF2D6c9Ca152Da5305326aE89A470AdDDB5599cB1,1197690882587352800
0xF31AeC5bDf7b5A7647Cdb08901cA090b700D38F5,7262064392398368000
0xF375dc67aA324dbADDc385d4cd152637C06c8107,82255594707614090000
0xF3Debd893D3788C3b700E3f2ae7EC2C7619A35DB,81389933115569160000
0xF48883940b4056801de30F12b934DCeA90133ee6,34587533683104340000000
0xF4e0Aa61Dff65b91630267ef83De6867b9833118,1656268620757767600000
0xF50BF4cdF303F764155b73C42746775EB0b89a75,986466412029036600000
0xF60b822d9d07ae4f3DD31E675552329C465477A3,345424738714162100000
0xF63e67c383eD9feb32dc14A7a8E5B151f1f56F41,58824180463330590000
0xF6681345b4fbb2D04D14e77586b216e2cE7F47aE,7106026053283654000
0xF694f71dFc3DFE7c7532d5F075F85E2a496e550c,51232511054768550000
0xF6F7a399405ca3A6434b390d0221353748cf1884,1500000000000000000000
0xF8208231eb656D28661a32a5D94858381ceD30e5,16379895814995258000000
0xF93ea91d48E3fCb4A9D710c6493b4F6BCcBE4943,1686624437542134000000
0xF9ca1CCF1AeF6485644105B923472E84B8F0110f,125971435743239000000
0xFA3Ad6cfA4d35d82776c9D2B4786Fb10691D2641,1771935665558561200000
0xFC9e0e4F0359e0972C02b840B9c36E129f82ab25,37445658652004990000000
0xFCc80362D7A3F49d38f11312329283645F8C1c88,523865258682732250000
0xFD19279b98e9Ef6D6626EdFbe0860b24Af3D6ECc,125068407821730370000
0xFD739CC53b8e0aA37599D0421c92056BA6dC1634,2427603723508523700000
0xFE130dEE9955C0cB963Ba9A4b6eE7B95AC59fb64,1949756168365764000000
0xFF332CcffBeA2F3b45C933063e308fe0FeAFA95d,23300951269901700000
0xFa01C614B923a3A6574719574CA4311e8A1Ae08c,1390969764735918300000
0xFf6D92b590231aa90fcD82413f1A25466636c5b9,3667124939399423000
0xFfeBf6d66311148429a29Ece5745c75D02B331F9,40375706168743680000000
0xa049AFeF83d112F9B9Ac4E9d743C50aD08EBEe01,3285727540026156000000
0xa06c4B981DAe1e0e8945Eb61380431D83F68bF39,1206605607925893300000
0xa13c2DEF62c36697407fBe7d574e946bf60d7350,1031272205008626400000
0xa18DEAd72c9716dC81DcfdEC77b188129E4856F1,1546573932948765000000
0xa1AbcE130692057fa34081A5Db2f27b05E4CfB82,683989357448524200000
0xa304816C9c78505714f24FC13222fE07Ce0cc711,842411226662325800000
0xa3D15d2EFdD2A93e5A4BF07D69efE4A142A347f6,631089610384735100000
0xa3cC2d84296bb93234E1E3929aC66cd9a62573c3,770812518978228300000
0xa41449434688A52cB604BB30B3588838C71Ad795,441958999743371400000
0xa41C85559dc6Ba97f496312C48311B043C06CC0e,766176955353745900000
0xa44e495C229fD820d98c1B2B2BeA0032B5F8E0f9,177496055218271900000
0xa4722a7A8a79E0de7B568559261D789f0B80baDC,8879145568151853000000
0xa4F3693BfD5aFb6f02571eeceE96b731a10b927a,2367409997821196000000
0xa565DF6351fDC0A040c6F1d2372C5D70197Dd2Cd,3370869720946922000
0xa5A8CfFd6529BbF275bA5CC4aBeE3b18D840228D,13228509523242280000
0xa5f04fD785a5e4897f4136ecD0Ef4dc45723bC8e,10763325530056407000000
0xa6E72cCAc7dCd1ED713ED49f7b3896cf1958A558,4746082452659836000000
0xa73e81eFdb5946E43a6C2BCCc8cf1A122b9E5623,621324946596949300000
0xa784b5156A361AC5b5226F8083FACcc89e8A361F,2024771504305698800000
0xa89fB3fdDa863aaB28A11DB679eAc0c500595B96,7959661305834577000000
0xa8cf8882E86df0F14EAE3a51f3730a2131ed3AAf,11136534457751499000
0xa9B4160337B2e350B706E1D0476b89B3FaFDA4a6,1289780677266776300000
0xa9bE90574238F299554b41c8Ab62DD443c24857a,1065145070089761500000
0xa9bac21606aA9598d3ceF968a76078Ac1C071b2B,1334392673428630100000
0xa9f380ab6Da86036Ac02998D02574D7e0c5290a9,4976823661114906000000
0xaA342Cf013B517eb3D380a92bb5B924Ec3c98823,333236032913452100000
0xaA970e6bD6E187492f8327e514c9E8c36c81f11E,7037571221432889000000
0xaA97596Be166aB6738B47EcE6Db2d8D85666c3F6,40017227690807665000
0xaB0aDD3eBa5146F2cac45CCE42fb24a2A91a12CD,72920627620977975000
0xaB89e9Dd7c60DcC6B4fBcAFD27FCef278f1bbF10,883358027643596600000
0xaC73Db1865C7Dc8009F686b8B066Fd28dce4A559,2764111012204611000000
0xaE01bbb8a520c71Fde7EbC01774EcC6BBF63d1f2,519152003514106000000
0xaaa4e66BCaa8d75F47f7163aa2637800511B0B2e,4326442203932686000000
0xaad212afBb37cEf736b917E1849c1B9c4a31f918,13384243037382700000000
0xab31aF4109fFbCa760366c801C94DaAA88888888,4927115741442064000000
0xad036a7E58dfa18A6511E85D29B0341E16bcBD9b,160346863010190950000
0xad971C7d2A3a926d3A8D7370efCEC8A317d1701D,217613073854870720000
0xadB5fc05b5a9Dc613c177ECfA937C513e8Dfb60C,83393513956154310000
0xadEa3Af062Df0de0c29e67D001D0859cd738BCcD,185911039298116100000
0xadaA0CBeC66C670d2598a2635C88bA55A8200E3D,195923743516909040000
0xaf4da6c0540a95E39Db3a3b080380788A650aF4a,564103087056328460000
0xb1230e5CF71a300A85A248D4553DdFEA60A6aFEf,3411465408769219400000
0xb12bef7b37278a6Adcdf200b7714b9efA6D19C19,32778612272860840000
0xb244B55798BfC34FFd67209d4d6d9C92fC9Dd41d,630629530372449500000
0xb2Ae7773e14d857D1202cfc2A6A5a2A3de1525F5,100512752685166870000
0xb2Cd50531bDAA4dD53c7451d697666483a402fB3,116359722407877030000
0xb2D47A780B3038a14De0EAEB2ba8a579d138E772,41835217650000000000
0xb2Dcf28902feCdb70E617A03036c353257fFaEfc,2160434765833888800
0xb2EA825bB7eAd399e3dbc0f0fC7fF695332c7E6C,6002954233856985000000
0xb2FDdb2027d163A9A5F81784D94c1b632830c605,109533430277663520000
0xb2ebE8d1E03314348cC795f7fd19Ecb8ec02BB58,88044841994037100000
0xb337AeFD9627886D09B5BB1F6d119e83D4c386Cc,8688352919365431000000
0xb37A69C4f4EB82Af5CcBa06aE2BD9fAFB8940077,119854824878056230000
0xb4020A59b3964cF2C9EBd7Ad5952F9205263e3De,4289733967043447000
0xb40c28F91Aa98A2234Ad9E5693FeE052cc173784,2163088198528483700000
0xb4C9531a60e252C871d51923bC9f153f1D371Ca8,433373527529639440000
0xb4cb9d63BbDbd9de9DDf28661Df40b5F5F05F853,258918744903992200000
0xb52f9fd3620648716a99E95df6eA33DCD490F052,2501951120358904000000
0xb6FD60D7FE060098c46Ab96E3B3618b2239D0940,56945171636631440000
0xb6e0928537289164cB0D11969cf7b9FCD2c9982a,1129514820512271700000
0xb7542735BcaD39f7294F981Ed0adfE887CA18225,674038880700454700000
0xb75969711C6C104d1E905Bd0Db091ad8E1341c43,198291097618231020000000
0xb8074fb35D2343907972775a4c150A4505a411d0,542000000000000000000
0xb8829168d3D3269bbd32acd313AC916e2C79695D,2047497907280130900000
0xb88a52e87F1408778185Faaf3191D40FF5ae1DCF,4788074530378631000000
0xb89175ffEF9D2Cafab31416cd3385abfeaC2c6B3,72966418743035760000
0xb9966663aeA8E8192880C3A3b9A539042202501a,28951003732516684000
0xb9E500CF14b355f50217f1a89040DF1765C5E70e,488482653818116000000
0xbB02B8B6ab6E6D6b128A6a4911FFa5E6dbbC0Ae7,14629573598082540000
0xbB208E462Bcae6e13A5FC45Ed5b4DD487FcDb6E6,14622591062757266000000
0xbD069f1BE48E3d0B4336d76Ff6452AAf2D31fa4A,2262874568985229000000
0xbE026AE67432eFa9aD85b897A70e0BaB0Dcb1CEA,8420848602841112000000
0xbE14555c26aa4d2C05d50FA4d7C5366A3f909F3B,1594861149740041500000
0xbEE2D469AACB46251aE33Cca91F482e26c971dFF,488109016929482500000
0xbbbD468328ac53265Fd80670C3517390E2E6B132,962620000000000000000
0xbccC4c5855a95f88dD0D356b4BbF9afC536c4F17,1049765273369173400000
0xbefF46F500c3Dd2A6301b9D869fC49B47302327c,62948702228540640000
0xc03C960755BF7C101f37e88b9907C6C5dCB92aab,275636991899747020000
0xc13535c2db284F9D87C6F9484eeb4cEfC676029C,1453580184503836400
0xc1b9F63F0226EfB1019425248E8af8094A7595A3,206227064519316540000
0xc2A4559bc62aEB424Cb1BA4dd395f76C054bDF76,3074679436351591400000
0xc2Bc9db2F7e3815d8c8552929EbbA2A6102E0434,6635182982104916000
0xc2c5B325079EBAa0f59eAA80B4cD98F986C1284A,153769720574482680000
0xc3264B301ac495d203785234D1A2596BA3d6cCa6,17919234159038929000
0xc347D14893D7e07318eE66Cc1586777Cd83Cfb02,15412820167897225000
0xc38b756916676b2a91ceE9709daCb51D41fEaE39,53634482022201120000
0xc4C6E038C1A126C57F540A4c5d57f8B02d05fda0,34133608875819508000
0xc54572e677B2ed341B09b62485EB511643d14a3b,3288014302953945600
0xc82335BBdc978cE2e1f1c6c4F9e5BB2270BB2Af1,44631622781451076000
0xc832182b825114f5ef1c7eE79A6923622915F236,1732988117990357000000
0xc8732F994157Eb7c37125b09C16ba094fb1d88a6,264553723327081100000
0xc895882962F9b7FEACCC77C396FEB14E70F17FD5,1094755007920477200000
0xc8f81b0Cb9d19A7F04E28b0A6E05cE529382EAA3,152515966821620880000
0xc95dAda8A2746cF41968bFEc0b523b1521562F9d,27586909732044270000000
0xc967ad1761a29AE81FA6065577b6abe3357287b0,2693200454804927000000
0xc9E8b50e12474e9AF5BC7a44D52144437F1DA598,172505221262145750000
0xc9f0b2EF88b632eF94a5029F2c7237f34d5cCD2c,128870419720786
0xcA094D6Df533C36067D7AeA8BE5Bdc31B4bccF14,52050540611972630000
0xcAd9474C90444eF3a7aD8658E20776Bc77585Ab7,10199097533760868000
0xcC93F2ebE4b9c4bD0Fa5E579C55Afc19E660E30a,21262156791516980000
0xcCe9eFdD67dbb46186C84Ab94F58b7990b18893E,3437145570965840000000
0xcD10B32A0c41d25d83E84AddaFaAd88E4410C528,911950893676639400000
0xcDEcA9c2334a35bA1cdDe548BD3196850eEd049f,1055235660200000000000
0xcEE6E654Dc240A052C6F21751bd1b0498F6dD208,7292447846292543000000
0xcF2f17147a4836CC3fc1565381E8864A1435EC67,65686787500000000000
0xcb1b40397Ced35773e67F37D93DbB4E6F7b6BD9A,1767325986542087600000
0xcb3e8Fb626Dd50BbFEF6a22E82479b2DDE9252cb,601198651331915200000
0xcb7C2d7423Ea68D0923B661cA9f4A8e9a6F7AEC8,622073500563883700000
0xcc062209E4d148E41062b62C9Ea4f1aF390960F4,459440845273540400000
0xccE7C6d378bBf0bD240CbDaD62A4A96659DAB507,1276558947500865000000
0xce8a692CB5dcAC5AC5816f40190436EAB2dE963d,23235122540792900000
0xcf16976815FfA4259C9787071f4C3ae4B94C3Ced,176247425807214900000
0xcf1Ea456E628185894c0ccFbbac03EBA032c8Fe7,135784354187317970000
0xd146C053f9ea51199D273C769C4fAE2a8E12d7B3,49369546475338640000
0xd18930619682508c322a906807E5b232DeFb44b0,1680220585485254000000
0xd1F4cF428835a775916Dd767e11553b5649EAF87,798182387769650400000
0xd20f1DA8De31810c076983f759807842de9f59A6,1039380557518865800000
0xd244639F5Ad741f96c5e0fE04dF417B573066B0F,1759507644012438500000
0xd31D6d113870CdA94fc738E8Dd4120D88810e01D,20776966231700600000
0xd392262acDC49F85D75e625086569279A18073c6,382286451429616500000
0xd3b7949c45780Ba6E8E59e8f0A05Af26D12c41bA,16284885779719303000000
0xd46B9E7063dF2ebACBfB3b76ecB73277D6FbF398,124952871364326900000
0xd4AA27c5080bA5C80d35D70dbef8D07733916002,37806857226160280000000
0xd565A5bF5B2F6be59C10ed262f028D3c326426aD,8231078589446025000
0xd645e1cbF208F0A930572e0457826137089BE5c6,4851805293197974000000
0xd65370c5565F2bEa121F3C22823233F98A4Be793,806457888230797600000
0xd692e8e0DBd3b4b9dFefE0500F097c17AbEA4583,231883839001670300000
0xd6B598C0D187c5d190f12f1034FBa11C300e06fA,1019288948012449000000
0xd7Ca10036C597f01A58369B352da57710943dC46,3685100087032585700000
0xd7D6fb4AE12221bC812F064e058CAb20D9B0c2a5,227548300000000000000
0xd7e2f547963d3AAE52C0e5d880788367bC9Ae81C,146463469592191000000
0xd85D77E1Dd8A1450df4C93E05870502EF479D9B9,15505767765187026000000
0xd89BCF9a80Cf367174A83F33aa894E002cc63278,26214678297696600000
0xd89cdCBa2a2f85FB3B185253ca29C6127eB7Cef5,3255644053388454000000
0xd9D054f6dEc4e291EFC442eF98bDB110D7FF7087,4352604837348448000000
0xdE3B513888092441CDE0cd1fc554eFf57C2FB20a,953670997200000000000
0xdF350Ff8e368C9fAfe0C6b3113920923567f68c6,778091368128409900000
0xda1728d8C971325fB79B6409Ca9b6EeFcB9103FF,6082912648188015000
0xdaFFBB57fd438b362f6A25E66D900e8EE484E491,44151767087195270000
0xdbB311A1A4f1c02989593Ca70BA6e75300F9F12D,3800605394821846000000
0xdbEd5418bFB4949a8Ebbb947A0AED8a28eE22D6C,111393271973773460000
0xdc56809a8403758AF359d71281dE82A79784C29A,450640324319789250000
0xdca6143E849247DF9d1A32264FE5108FE31ae878,4573846546347392000
0xdd97E7Ffb2aE6D44c5B864aa79Cc7FdC3AA97f1F,18233457600766107000000
0xdf44c5228e6dE89a0E8bff491e314c3F16912E5C,25882715821564256000
0xdf4B2C9A29fa5Dd9bAD1EB50998aE66eF1fc6a4a,1198156227705421700000
0xdfCeC744c8417d2A0Ef72fE520438dd20F368369,440066624947331900000
0xe02b291F6927deDB0427716128eAEf195Bff3447,2400161256921216000000
0xe04b11EDCbc1e08D420EbcEb6933416f014A22Ba,2000000000000000000000
0xe05503795Af1419de0f585e1028E4357e8005062,13238365327589773000
0xe0647674B89BF40247cc6D7109F3C256949EbC64,32288808614537683000
0xe0C6b8Ac6D1ac7E730A4f24f1a066D3DEFdc31a0,7230884400525022000
0xe0CA9b1bd181e5007Ae58A131049a002877626E7,701528604370164600000
0xe0ad5F6422687bf667D09590383FdC3C0f8aF392,1340506618445734000000
0xe12D731750E222eC53b001E00d978901B134CFC9,9369620773541114000
0xe161408D951e913EEBef0C2c07c1D5df2A2c0ae1,17007435626609396000000
0xe17A3d8399ebc55CC9C6b5719687B70D5fbf44a4,10802554883502642000000
0xe1880B5348FC0BaD7a4d81cFdd0140cFf530B174,40759193643267555000
0xe220f74234Db82Dd5a627811b8F0E91B0dA73Db3,50293350456937636000
0xe29cE1eE78e2c4FBb1045A4d409F6077b21E0cDc,19273340226650210000000
0xe2e4F6d2714BBFEB579ec5c09987ca179db6C252,803534245800000000000
0xe3020f07b2B58603aBD4F672Aa67d98457D548dc,503719061018963600000
0xe33478f001D874D1EF46520b206feb8CB469883C,293548578201856180000
0xe3964b997f1c7E6dee6EF028D7d2E6BBd3532AcC,306584091408120940000
0xe45580CEEe87d2B206132430D03a4e7a86412810,34642085450200930000
0xe47A3d35140E513db21B4266709491758357b28c,829675413641146800000
0xe4988c2Dcb4999f954d353f4D1ebf0dd289800BB,1772094652264778600000
0xe5513bAd8aEfe82603f3445b153C64b424c4dc4a,27745234305854968000
0xe5845761e7773976055F2559ca54be41F09d9E88,721095662390330100000
0xe5Fae1A033AD8cb1355E8F19811380AfD15B8bBa,235209081457697580000000
0xe5aA47dbDAb2973F539a29cbC89289E65d6A9B2a,43763041632571710000
0xe744006B9f99DB10AEEa2e1516222C74BaF51387,24344268433969096000000
0xe74fB0d80437CF0b34B5da67f811C0Cdde74B89F,3955103137712979300000
0xe765Ef9728749381A0654448CA27E0730a62B6d9,2238655735129269300000
0xe7AcE6Be8b2a1483388702BeaA3C3aDDd8373b37,2107154811593248700000
0xe7b87150991634D6b8FdB2DEa037436764680984,8614560388471112000000
0xe8dA24093f7cFda901bBF183c3D48E2a387e38e0,623503087384125600000
0xe8dE221533f666778d6513A1Da0C56E8Ef89C72a,426236605777302900000
0xe94E20d0e6A1f3c340ABB4f07823B2b96BE05423,4350316155350816400000
0xe95Ab07A55e8489FE8E81e3281c8b3fD95C7D8AF,1209820056961742000000
0xe9d3f818869Fe6b49B4af1cc20128E0390dFAFf6,119687705963168650000
0xeCe1544DA41A77eaa2A4561c426aAA33FBA368CE,5595215160274042000000
0xeE8155d59046d936649419BA6856ED4FD6d68eA8,159438540560000000000
0xeF261ba2e734f3571C7bBCBf27A7184e632B565D,1423654295395570800000
0xeb7bF483A3F048Ea0B00C1ef449ea5D54334CFD6,123692292132497740000
0xebb8eE4722501358bf70559d26Ef6e7B1326b3c6,2886622857143680000000
0xed7D16e128f9611A9Af4f0A3A0063Ad061772775,698923218138908500000
0xef3CCEF2239CeE4D61a3B939165f28303708Bce2,18980309338500300000
0xef6A22aF4F9e13bfdea28f10a1cAc1aB96387Dc7,621093935419076200000
0xefc6fae4c08A486fa2C7dc7e8f0b3A8C7103aF01,85955410802972880000
0xf06AFd5CDf00c8bc54d72Bb3b72b9c18E898769D,4174585148894758000000
0xf0754756E71aac7aD2B6497E7006F5E44D68D592,430935115426863640000
0xf102b03611E104CaDeEb7605Ff1d9FA5c07Ba115,705997653026024200000
0xf1521Eb0884a0081B1422eB940771F8D9e2c8488,786855330266923900000
0xf161Cc283832f7d63ab29A57adBbbeA878971952,274000000000000000000
0xf26bB15d228D06678fd884C02EB201E36B340504,416421962097253900000
0xf27bD82093cFb181Be2602A653cb453087c872B8,708118697120570400000
0xf294D84eC9931fb95A2B89aFC769F3F8AC71C828,815456043825184000000
0xf2A5b9e54bFEFb5a8069391e91Cb9753F2BA0df6,6263657349207992000
0xf3F6193EB1D4abC4Da090c1c8b61817C48C563Cb,18861948176848722000000
0xf3aB2F9D8c27CDca5a100AFA4346821ae0A7fD04,492796292090351000000
0xf49d06699FB1A5E485FC88c58C56C2F5EB081684,2818741604925170700
0xf51E2c4174A3406F469f993850B33e80C470eeF3,337612284346224700000
0xf537B452aA8ac7Ffdf34ff2827F3Ee6151936ABa,841299502600853000000
0xf5eB19Da2cE018AD2dDe771A8605e5fFC84FCAcF,1233982702265310000000
0xf64d63A924b005f237EBa17f47793186d4b373e8,856843779100076100000
0xf740570aB93096D8571DC8286645EFec195D0240,133626716015429780000
0xf7e1FBd855e94aeb420D4d04b0188CDb0Bf875B6,1251393490836641800000
0xf7f808DCD124862D86Eb1c160d7dB5E4145D1eE1,22674462050465763000
0xf824F2989bdb015e30d0e2F0133fCf21Ad337b7D,2808489630796664500000
0xf87D9fE2EAb228c6E47A11390F882bD8175Fd8aE,8451589628070649000000
0xf9250B34603bFC6Ead734e76028003BD55E86400,22265210422945280000000
0xf99C8873B972b4192e789F55AB954188D0d9A133,77985829963122880000000
0xf99ebC40de07d08C17D5C0d39CD3f1b8Dd0B21e2,21302244380039476000000
0xf9A901Fe3569A91eD17BfF3e26731da30F2eac68,70425903897418070000000
0xf9BF333ffbA47764C191cbC83E5E98561B648B29,757447762515137900000
0xf9cA9D19B92dF0C8ad141A0eeC9fAf422174f1e8,223556557008493500000
0xfAA0d9d611dB55F0887884B953207656A4264913,251682300000000000000
0xfB17d5CD85854B6Bee89e714591DE521F3169dE5,1933771198575482800000
0xfBe3EA4248316E950f591fF97bD640c1Db23B504,7658917820150993000000
0xfC4101D5b615bF626cE93731a980beC4e3c4F28c,39233241165738640000
0xfD25508e72C88c096C1195b54397A4F948C36451,407806709143310500000
0xfD3052E6f192B4a059411D243088518c4F57a84d,39648075093398256000000
0xfDAc6FFD9Abff18D859b16fCa7198BcD7AfD2b2B,21439717568119020000000
0xfE5BaB72aF1aeA76AAbc28562E584e59D2708196,11117432294121283000000
0xfFE3385962b6Bf54860F06dd35d5db3504bD1286,989401813859066000000
0xfb7405075f2dD0A2aacA6cA2D87D56e09577D6eF,3206673077169809400
0xfc8f4d94c3B7351158930523eDa29146E70e32D6,10652614692284428000
0xfd6A5a3828Fb6b8a30B0eeE74b6F2A44f16eE7e7,847150310931528200000
